"fips","year","birth","pop","birth_rate"
"01",1995,60329,4296800,14.0404487060138
"01",1996,60488,4331102,13.9659606261871
"01",1997,60914,4367935,13.9457203461132
"01",1998,62074,4404701,14.0926705354121
"01",1999,62122,4430141,14.0225785138667
"01",2000,63299,4452173,14.2175517438339
"01",2001,60454,4467634,13.5315471231529
"01",2002,58967,4480089,13.162015308178
"02",1995,10244,604412,16.9487038642515
"02",1996,10037,608569,16.4927888209883
"02",1997,9947,612968,16.2276007882956
"02",1998,9926,619932,16.0114335120626
"02",1999,9950,624779,15.9256313032288
"02",2000,9974,627963,15.8831013929165
"02",2001,10003,633714,15.7847230769716
"02",2002,9938,642337,15.4716293783481
"04",1995,72463,4432499,16.3481142353332
"04",1996,75322,4586940,16.4209690992252
"04",1997,75699,4736990,15.980401056367
"04",1998,78243,4883342,16.022428902174
"04",1999,81145,5023823,16.1520419807784
"04",2000,85273,5160586,16.5238986425185
"04",2001,85597,5273477,16.2316058266681
"04",2002,87837,5396255,16.2773997892983
"05",1995,35175,2535399,13.8735559965118
"05",1996,36371,2572109,14.1405360348259
"05",1997,36478,2601090,14.0241206571091
"05",1998,36865,2626289,14.0369167292708
"05",1999,36729,2651860,13.8502786723281
"05",2000,37783,2678588,14.1055660668979
"05",2001,37010,2691571,13.7503339127967
"05",2002,37437,2705927,13.8351847629297
"06",1995,552045,31696582,17.4165466800174
"06",1996,539433,32018834,16.8473655224297
"06",1997,524840,32486010,16.1558775608331
"06",1998,521661,32987675,15.8138153113246
"06",1999,518508,33499204,15.4782185272223
"06",2000,531959,33987977,15.6513875480144
"06",2001,527759,34479458,15.3064761052798
"06",2002,529357,34871843,15.1800694904482
"08",1995,54332,3826653,14.1983085479661
"08",1996,55807,3919972,14.236581281703
"08",1997,56533,4018293,14.0689093602682
"08",1998,59577,4116639,14.4722430118356
"08",1999,62167,4226018,14.7105383838876
"08",2000,65438,4326921,15.1234561481478
"08",2001,67007,4425687,15.1404742359774
"08",2002,68418,4490406,15.2364841842809
"09",1995,44334,3324144,13.3369673515949
"09",1996,44469,3336685,13.3272994004528
"09",1997,43109,3349348,12.8708632247231
"09",1998,43820,3365352,13.0209261913761
"09",1999,43310,3386401,12.7893890888882
"09",2000,43026,3411777,12.6110235223463
"09",2001,42648,3432835,12.4235507969361
"09",2002,42001,3458749,12.1434079200312
"10",1995,10266,729734,14.0681398975517
"10",1996,10155,740977,13.7048788288975
"10",1997,10253,751487,13.643615924161
"10",1998,10578,763335,13.8576116646034
"10",1999,10676,774990,13.7756616214403
"10",2000,11051,786373,14.0531274598696
"10",2001,10749,795699,13.5088771005116
"10",2002,11090,806169,13.7564208001052
"11",1995,9014,580517,15.5275383838888
"11",1996,8390,572377,14.6581711005159
"11",1997,7927,567736,13.9624755167895
"11",1998,7686,565230,13.5980043522106
"11",1999,7522,570213,13.1915617497321
"11",2000,7666,572046,13.4010201976764
"11",2001,7625,574504,13.2723183824656
"11",2002,7498,573158,13.0819076066285
"12",1995,188723,14537875,12.9814708133066
"12",1996,189392,14853360,12.7507850075673
"12",1997,192383,15186304,12.6681910226478
"12",1998,195637,15486559,12.6326965208992
"12",1999,197023,15759421,12.5019186935865
"12",2000,204125,16047515,12.7200379622639
"12",2001,205793,16356966,12.5813674736501
"12",2002,205579,16689370,12.317960474242
"13",1995,112282,7328413,15.3214618226347
"13",1996,114043,7501069,15.2035663183474
"13",1997,118221,7685099,15.3831460076181
"13",1998,122368,7863536,15.5614471657534
"13",1999,126717,8045965,15.7491363683536
"13",2000,132644,8227303,16.1224158147573
"13",2001,133526,8377038,15.9395242089149
"13",2002,133300,8508256,15.6671355445816
"15",1995,18595,1196854,15.5365650279817
"15",1996,18401,1203755,15.2863331824167
"15",1997,17393,1211640,14.3549239047902
"15",1998,17583,1215233,14.4688302572428
"15",1999,17038,1210300,14.0775014459225
"15",2000,17551,1213519,14.4628967490414
"15",2001,17072,1225948,13.9255498601898
"15",2002,17477,1239613,14.0987550146699
"16",1995,18035,1177322,15.3186638829479
"16",1996,18625,1203083,15.4810599102473
"16",1997,18582,1228520,15.125516882102
"16",1998,19391,1252330,15.4839379396804
"16",1999,19872,1275674,15.5776475808083
"16",2000,20366,1299430,15.673025865187
"16",2001,20688,1319962,15.6731784702893
"16",2002,20970,1340372,15.6449105173788
"17",1995,185812,12008437,15.4734542055723
"17",1996,183180,12101997,15.1363448528371
"17",1997,180803,12185715,14.8372910411904
"17",1998,182588,12271847,14.8786079226705
"17",1999,182068,12359020,14.7315887505644
"17",2000,185036,12434161,14.8812613894898
"17",2001,184064,12488445,14.7387444954116
"17",2002,180622,12525556,14.4202780299733
"18",1995,82835,5851459,14.1562984547956
"18",1996,83513,5906013,14.1403346047494
"18",1997,83436,5955267,14.0104549468563
"18",1998,85122,5998880,14.1896487344304
"18",1999,86031,6044969,14.2318347703685
"18",2000,87699,6091866,14.3960815947035
"18",2001,86459,6127760,14.1093972348787
"18",2002,85081,6155967,13.8208992998176
"19",1995,36810,2867373,12.8375345656111
"19",1996,37139,2880000,12.8954861111111
"19",1997,36659,2891119,12.6798654776922
"19",1998,37282,2902872,12.843142928796
"19",1999,37558,2917634,12.872759228882
"19",2000,38266,2929067,13.0642283020498
"19",2001,37619,2931997,12.8305042604068
"19",2002,37559,2934234,12.8002742794201
"20",1995,37201,2601007,14.3025374403068
"20",1996,36651,2614554,14.018069621052
"20",1997,37289,2635292,14.1498551204193
"20",1998,38422,2660598,14.4411143660185
"20",1999,38782,2678338,14.4798752061913
"20",2000,39666,2693681,14.725574409145
"20",2001,38869,2702162,14.3844077446134
"20",2002,39412,2713535,14.5242276219028
"21",1995,52377,3887427,13.4734362857489
"21",1996,52706,3919535,13.4470032797258
"21",1997,53203,3952747,13.4597534322333
"21",1998,54329,3985390,13.6320410298616
"21",1999,54403,4018053,13.5396422097966
"21",2000,56029,4049021,13.8376659444345
"21",2001,54658,4068132,13.4356505639443
"21",2002,54233,4089875,13.2603074666096
"22",1995,65641,4378779,14.9907085970769
"22",1996,65204,4398877,14.8228741108242
"22",1997,66025,4421071,14.9341641425799
"22",1998,66888,4440344,15.0636977675604
"22",1999,67136,4460811,15.0501780954181
"22",2000,67898,4471885,15.1833063685672
"22",2001,65352,4477875,14.5944225776736
"22",2002,64872,4497267,14.4247606379608
"23",1995,13896,1243480,11.1750892656094
"23",1996,13774,1249060,11.0274926744912
"23",1997,13669,1254774,10.8935951812836
"23",1998,13733,1259127,10.9067631779797
"23",1999,13616,1266808,10.7482744030666
"23",2000,13603,1277072,10.6517095355626
"23",2001,13759,1285692,10.7016299393634
"23",2002,13559,1295960,10.4625142751319
"24",1995,72396,5070033,14.2791969993095
"24",1996,71533,5111986,13.9931916871447
"24",1997,70215,5157328,13.6146081847034
"24",1998,71972,5204464,13.8288976540139
"24",1999,71967,5254509,13.6962368891175
"24",2000,74316,5311034,13.9927554596713
"24",2001,73218,5374691,13.6227366373248
"24",2002,73323,5440389,13.4775289046427
"25",1995,81648,6141445,13.2945910937898
"25",1996,80276,6179756,12.9901568929259
"25",1997,80364,6226058,12.9076857298792
"25",1998,81411,6271838,12.9804054250126
"25",1999,80939,6317345,12.8121861319906
"25",2000,81614,6361104,12.8301628145052
"25",2001,81077,6397634,12.6729662872243
"25",2002,80645,6417206,12.5669956675849
"26",1995,134642,9676211,13.9147441079985
"26",1996,133387,9758645,13.6685984580851
"26",1997,133714,9809051,13.6316958694577
"26",1998,133666,9847942,13.5729881431064
"26",1999,133607,9897116,13.4995891732501
"26",2000,136171,9952450,13.6821586644495
"26",2001,133427,9991120,13.3545588482573
"26",2002,129967,10015710,12.9763142103755
"27",1995,63263,4660180,13.5752267079812
"27",1996,63700,4712827,13.5163034840872
"27",1997,64499,4763390,13.5405666972471
"27",1998,65202,4813412,13.5459004963631
"27",1999,65970,4873481,13.5365255348282
"27",2000,67604,4933692,13.7025173034717
"27",2001,67562,4982796,13.559053992979
"27",2002,68025,5018935,13.5536722432149
"28",1995,41344,2722659,15.1851553940468
"28",1996,40987,2748085,14.9147497257181
"28",1997,41533,2777004,14.9560461562173
"28",1998,42939,2804834,15.3089273732421
"28",1999,42684,2828408,15.0911749648566
"28",2000,44075,2848353,15.473854539799
"28",2001,42282,2852994,14.820220442104
"28",2002,41518,2858681,14.5234812838508
"29",1995,73028,5378247,13.5784020332276
"29",1996,73832,5431553,13.5931657115378
"29",1997,74037,5481193,13.5074608757619
"29",1998,75358,5521765,13.647447872193
"29",1999,75432,5561948,13.5621548421524
"29",2000,76463,5607285,13.6363676895325
"29",2001,75464,5641142,13.3774331509471
"29",2002,75251,5674825,13.2604970197319
"30",1995,11142,876553,12.711153803592
"30",1996,10856,886254,12.2493100172185
"30",1997,10849,889865,12.191736948863
"30",1998,10795,892431,12.0961732615743
"30",1999,10785,897507,12.0166193689854
"30",2000,10957,903773,12.1236195372068
"30",2001,10970,906961,12.0953381677933
"30",2002,11049,911667,12.1195568118622
"31",1995,23243,1656992,14.0272252370561
"31",1996,23286,1673740,13.9125551160873
"31",1997,23319,1686418,13.827532675766
"31",1998,23534,1695816,13.8776848431669
"31",1999,23907,1704764,14.023641982116
"31",2000,24646,1713820,14.3807401010608
"31",2001,24820,1719836,14.4316085952382
"31",2002,25383,1728292,14.6867543216077
"32",1995,25056,1581578,15.8424054962828
"32",1996,26125,1666320,15.6782610783043
"32",1997,26911,1764104,15.2547695600713
"32",1998,28699,1853191,15.4862612650288
"32",1999,29362,1934718,15.1763719570501
"32",2000,30829,2018741,15.2713993523686
"32",2001,31382,2098399,14.9552110918848
"32",2002,32571,2173791,14.9835011737559
"33",1995,14665,1157561,12.6688787891092
"33",1996,14520,1174719,12.3604027856875
"33",1997,14313,1189425,12.0335456207832
"33",1998,14429,1205940,11.9649402126142
"33",1999,14041,1222014,11.4900483955176
"33",2000,14609,1239882,11.7825728577397
"33",2001,14656,1255517,11.673278816615
"33",2002,14442,1269089,11.3798165455693
"34",1995,114828,8083242,14.2056862828058
"34",1996,114306,8149596,14.0259713487638
"34",1997,113279,8218808,13.7828989313292
"34",1998,114550,8287418,13.8221578783645
"34",1999,114105,8359592,13.6495895971957
"34",2000,115632,8430621,13.7157156038683
"34",2001,115795,8492671,13.6346974938744
"34",2002,114751,8552643,13.4170220831151
"35",1995,26920,1720394,15.6475784035517
"35",1996,27228,1752326,15.5382046491349
"35",1997,26871,1774839,15.1399648080756
"35",1998,27318,1793484,15.231805803676
"35",1999,27191,1808082,15.0385878516572
"35",2000,27223,1821204,14.9478037605891
"35",2001,27128,1831690,14.8103663829578
"35",2002,27753,1855309,14.9586942121232
"36",1995,271369,18524104,14.6495074741537
"36",1996,263963,18588460,14.2003694765462
"36",1997,257238,18656546,13.788082745863
"36",1998,258207,18755906,13.7667036718994
"36",1999,255612,18882725,13.5368173820251
"36",2000,258737,19001780,13.6164611946881
"36",2001,254026,19082838,13.3117516377805
"36",2002,251415,19137800,13.1370899476429
"37",1995,101592,7344674,13.8320638873829
"37",1996,104470,7500670,13.9280890907079
"37",1997,107015,7656825,13.9764197301101
"37",1998,111688,7809121,14.3022498947065
"37",1999,113795,7949361,14.3149870788356
"37",2000,120311,8081614,14.8870015321197
"37",2001,118185,8210122,14.3950357863135
"37",2002,117335,8326201,14.0922612845883
"38",1995,8476,647832,13.0836389681275
"38",1996,8347,650382,12.8339960208001
"38",1997,8353,649716,12.8563864827094
"38",1998,7932,647532,12.2495876651656
"38",1999,7639,644259,11.8570326530169
"38",2000,7676,642023,11.9559579641228
"38",2001,7629,639062,11.9378088510974
"38",2002,7757,638168,12.1551064923343
"39",1995,154064,11202751,13.7523363680939
"39",1996,151692,11242827,13.4923360467968
"39",1997,152033,11277357,13.4812616112091
"39",1998,152794,11311536,13.5078030074784
"39",1999,152584,11335454,13.4607753690324
"39",2000,155472,11363543,13.6816484084233
"39",2001,151570,11387404,13.3103207719687
"39",2002,148720,11407889,13.0365924843764
"40",1995,45672,3308208,13.8056615545335
"40",1996,46193,3340129,13.8297053796425
"40",1997,48269,3372917,14.3107583139461
"40",1998,49461,3405194,14.525163617697
"40",1999,49010,3437147,14.2589188067895
"40",2000,49782,3454365,14.4113317498296
"40",2001,50118,3467100,14.4553084710565
"40",2002,50387,3489080,14.4413427035207
"41",1995,42811,3184369,13.4441077651491
"41",1996,43658,3247111,13.4451825022304
"41",1997,43809,3304310,13.2581386129025
"41",1998,45273,3352449,13.5044559961986
"41",1999,45204,3393941,13.3190294115307
"41",2000,45804,3429708,13.355072793369
"41",2001,45322,3467937,13.0688648611552
"41",2002,45192,3513424,12.8626661626949
"42",1995,151850,12198403,12.448350821005
"42",1996,148338,12220464,12.1384916317416
"42",1997,144224,12227814,11.7947492495388
"42",1998,145899,12245672,11.914331855369
"42",1999,145347,12263805,11.8517050784809
"42",2000,146281,12284173,11.9080869343016
"42",2001,143495,12298970,11.6672371751456
"42",2002,142850,12331031,11.5845949945305
"44",1995,12776,1017002,12.5624138398941
"44",1996,12652,1020893,12.3930715559809
"44",1997,12455,1025353,12.1470361914385
"44",1998,12599,1031155,12.2183376892902
"44",1999,12366,1040402,11.8857903002878
"44",2000,12505,1050268,11.9064848210171
"44",2001,12713,1057142,12.0258205614761
"44",2002,12894,1065995,12.0957415372492
"45",1995,50926,3748582,13.5854037606754
"45",1996,51117,3796200,13.4653074126758
"45",1997,52214,3859696,13.5280084234613
"45",1998,53877,3919235,13.7468153861659
"45",1999,54948,3974682,13.82450218659
"45",2000,56114,4024223,13.9440582691367
"45",2001,55756,4064995,13.7161300321403
"45",2002,54570,4107795,13.2844993481905
"46",1995,10475,737925,14.1952095402649
"46",1996,10473,742213,14.1105046664502
"46",1997,10173,744223,13.6692899843192
"46",1998,10288,746058,13.7898125882974
"46",1999,10524,750412,14.024295986738
"46",2000,10345,755844,13.6866866707945
"46",2001,10483,757972,13.8303261861916
"46",2002,10698,760020,14.0759453698587
"47",1995,73173,5326936,13.7364143289876
"47",1996,73754,5416643,13.6161825691669
"47",1997,74478,5499233,13.5433432262281
"47",1998,77396,5570045,13.8950403452755
"47",1999,77803,5638706,13.7980238728531
"47",2000,79611,5703719,13.9577352951644
"47",2001,78340,5750789,13.6224785851124
"47",2002,77482,5795918,13.3683740867279
"48",1995,322753,18958751,17.0239590150216
"48",1996,330406,19340342,17.0837723552148
"48",1997,333974,19740317,16.9183706624367
"48",1998,342283,20157531,16.9804030066976
"48",1999,349245,20558220,16.9880952728398
"48",2000,363414,20944499,17.3512863687978
"48",2001,365410,21319622,17.1396096985209
"48",2002,372450,21690325,17.1712503155209
"49",1995,39577,2014177,19.6492165286368
"49",1996,42087,2067976,20.3517835796934
"49",1997,43059,2119784,20.3129186747329
"49",1998,45165,2165960,20.8521856359305
"49",1999,46290,2203482,21.0076596949737
"49",2000,47353,2244502,21.097330276382
"49",2001,47959,2283715,21.0004313147656
"49",2002,49182,2324815,21.1552317066089
"50",1995,6783,589002,11.5160899283873
"50",1996,6767,593701,11.3979932659706
"50",1997,6607,597239,11.0625729398114
"50",1998,6582,600416,10.9623994030805
"50",1999,6567,604683,10.8602358591196
"50",2000,6500,609618,10.6624148237093
"50",2001,6366,612223,10.3981719079486
"50",2002,6387,615442,10.377907260148
"51",1995,92578,6670693,13.8783181897293
"51",1996,92354,6750884,13.6802824637485
"51",1997,91862,6829183,13.4513894268172
"51",1998,94351,6900918,13.6722389687865
"51",1999,95469,7000174,13.6380895674879
"51",2000,98938,7105817,13.9235220946444
"51",2001,98884,7198362,13.7370140595874
"51",2002,99672,7286873,13.6782952028943
"53",1995,77228,5481027,14.0900601292422
"53",1996,77945,5569753,13.9943369122473
"53",1997,78190,5674747,13.7785878383653
"53",1998,79663,5769562,13.8074606009954
"53",1999,79586,5842564,13.6217592139342
"53",2000,81036,5910512,13.7104873486426
"53",2001,79570,5985722,13.2933002902574
"53",2002,79028,6052349,13.0574096107148
"54",1995,21162,1823700,11.60388221747
"54",1996,20750,1822808,11.3835357316843
"54",1997,20730,1819113,11.3956637108305
"54",1998,20747,1815609,11.4270198043742
"54",1999,20728,1811799,11.4405626672716
"54",2000,20865,1807021,11.5466284011088
"54",2001,20428,1801481,11.3395589517736
"54",2002,20712,1805414,11.4721609558805
"55",1995,67479,5184836,13.0146835888348
"55",1996,67106,5229986,12.831009490274
"55",1997,66557,5266213,12.6384937335425
"55",1998,67450,5297672,12.7320075686075
"55",1999,68208,5332666,12.790600423878
"55",2000,69326,5373999,12.9002629140794
"55",2001,69072,5406835,12.7749413473872
"55",2002,68560,5445162,12.5909936196572
"56",1995,6261,485160,12.9050210239921
"56",1996,6286,488167,12.8767409513548
"56",1997,6387,489451,13.0493144359701
"56",1998,6252,490787,12.738723723326
"56",1999,6129,491780,12.4628899101224
"56",2000,6253,494300,12.6502124216063
"56",2001,6115,494657,12.3621014157285
"56",2002,6550,500017,13.0995546151431
"01",2003,59552,4503491,13.2235192653877
"01",2004,59510,4530729,13.1347516039913
"01",2005,60453,4569805,13.2287920381723
"01",2006,63232,4628981,13.6600258242581
"02",2003,10086,648414,15.5548769767463
"02",2004,10338,659286,15.6805999217335
"02",2005,10459,666946,15.6819292716352
"02",2006,10996,675302,16.2830851974376
"04",2003,90967,5510364,16.5083468170161
"04",2004,93663,5652404,16.5704716081865
"04",2005,96199,5839077,16.4750353523339
"04",2006,102429,6029141,16.9889873200842
"05",2003,37784,2724816,13.8666243885826
"05",2004,38573,2749686,14.0281472139001
"05",2005,39208,2781097,14.0980339772399
"05",2006,40961,2821761,14.5161124560159
"06",2003,540997,35253159,15.3460573561649
"06",2004,544843,35574576,15.3155163395342
"06",2005,548882,35827943,15.3199417560757
"06",2006,562440,36021202,15.6141374738133
"08",2003,69339,4528732,15.310908218901
"08",2004,68503,4575013,14.9732907862775
"08",2005,68944,4631888,14.8846431519933
"08",2006,70751,4720423,14.9882754151482
"09",2003,42873,3484336,12.3044964664717
"09",2004,42095,3496094,12.0405801445842
"09",2005,41718,3506956,11.8957865453687
"09",2006,41820,3517460,11.8892610008358
"10",2003,11329,818003,13.849582458744
"10",2004,11369,830803,13.684351163874
"10",2005,11643,845150,13.7762527362007
"10",2006,11989,859268,13.9525735858894
"11",2003,7619,568502,13.4018877682049
"11",2004,7933,567754,13.9726008095055
"11",2005,7971,567136,14.0548298820741
"11",2006,8523,570681,14.9347884369727
"12",2003,212250,17004085,12.482294695657
"12",2004,218053,17415318,12.5207590237514
"12",2005,226240,17842038,12.6801657972032
"12",2006,236802,18166990,13.0347404826006
"13",2003,135979,8622793,15.7697163784403
"13",2004,138849,8769252,15.8336195607105
"13",2005,142200,8925922,15.9311273390021
"13",2006,148633,9155813,16.2337304180415
"15",2003,18100,1251154,14.4666443938956
"15",2004,18281,1273569,14.3541496377503
"15",2005,17924,1292729,13.8652416709148
"15",2006,18982,1309731,14.4930523901473
"16",2003,21800,1363380,15.989672725139
"16",2004,22532,1391802,16.1890843668855
"16",2005,23062,1428241,16.1471348322867
"16",2006,24184,1468669,16.4666102436968
"17",2003,182495,12556006,14.5344785595037
"17",2004,180778,12589773,14.3591151325763
"17",2005,179020,12609903,14.19677851606
"17",2006,180572,12643955,14.281290941007
"18",2003,86434,6196638,13.9485314456
"18",2004,87142,6233007,13.9807319324365
"18",2005,87193,6278616,13.8872961811966
"18",2006,88631,6332669,13.9958365106403
"19",2003,38174,2941999,12.975531262927
"19",2004,38438,2953635,13.0137948663257
"19",2005,39311,2964454,13.2607893392847
"19",2006,40607,2982644,13.6144306863307
"20",2003,39476,2723004,14.4972243889469
"20",2004,39669,2734373,14.5075306112224
"20",2005,39888,2745299,14.529564903495
"20",2006,40968,2762931,14.8277318543243
"21",2003,55236,4117170,13.4160114836162
"21",2004,55720,4146101,13.439132331798
"21",2005,56444,4182742,13.4944971504339
"21",2006,58250,4219239,13.8058071609596
"22",2003,65040,4521042,14.3860640976129
"22",2004,65369,4552238,14.3597500833656
"22",2005,60937,4576628,13.3148248011418
"22",2006,63376,4302665,14.7294758016253
"23",2003,13855,1306513,10.6045634448337
"23",2004,13944,1313688,10.6143924584833
"23",2005,14112,1318787,10.7007424246675
"23",2006,14151,1323619,10.6911429950764
"24",2003,74930,5496269,13.6328844166834
"24",2004,74628,5546935,13.4539164421433
"24",2005,74980,5592379,13.4075319287194
"24",2006,77494,5627367,13.7709163095281
"25",2003,80184,6422565,12.4847315675279
"25",2004,78484,6412281,12.2396382816037
"25",2005,76865,6403290,12.003985451229
"25",2006,77676,6410084,12.1177819198625
"26",2003,131094,10041152,13.0556732932636
"26",2004,129776,10055315,12.9062093032391
"26",2005,127706,10051137,12.7056272340134
"26",2006,127483,10036081,12.7024682243995
"27",2003,70050,5053572,13.8614825315638
"27",2004,70624,5087713,13.8812861495922
"27",2005,70919,5119598,13.8524548216481
"27",2006,73525,5163555,14.2392208468778
"28",2003,42380,2868312,14.7752406293318
"28",2004,42827,2889010,14.8241092969564
"28",2005,42395,2905943,14.5890679892895
"28",2006,46056,2904978,15.8541648163945
"29",2003,77045,5709403,13.4944056322526
"29",2004,77765,5747741,13.5296632189933
"29",2005,78618,5790300,13.5775348427543
"29",2006,81385,5842704,13.9293381968349
"30",2003,11422,919630,12.420212476757
"30",2004,11519,930009,12.3859016418121
"30",2005,11583,940102,12.3210034655814
"30",2006,12508,952692,13.1291120320103
"31",2003,25917,1738643,14.9064529060883
"31",2004,26332,1749370,15.0522759622035
"31",2005,26145,1761497,14.8424890874069
"31",2006,26727,1772693,15.0770607206098
"32",2003,33647,2248850,14.9618693999155
"32",2004,35200,2346222,15.0028428682367
"32",2005,37268,2432143,15.3231121689802
"32",2006,40027,2522658,15.8669942576441
"33",2003,14393,1279840,11.245936992124
"33",2004,14565,1290121,11.2896387238096
"33",2005,14420,1298492,11.105189712374
"33",2006,14378,1308389,10.9890865789914
"34",2003,116983,8601402,13.6004572277868
"34",2004,115253,8634561,13.3478702623098
"34",2005,113776,8651974,13.1502937942255
"34",2006,115020,8661679,13.279180629991
"35",2003,27821,1877574,14.8175251681159
"35",2004,28384,1903808,14.9090664604834
"35",2005,28835,1932274,14.9228318551096
"35",2006,29936,1962137,15.256834767399
"36",2003,253714,19175939,13.2308514331423
"36",2004,249947,19171567,13.0373797822578
"36",2005,246351,19132610,12.8759745795268
"36",2006,250104,19104631,13.0912761413712
"37",2003,118323,8422501,14.0484400061217
"37",2004,119847,8553152,14.0120273789125
"37",2005,123096,8705407,14.1401774782041
"37",2006,127859,8917270,14.3383569186534
"38",2003,7972,638817,12.479317237957
"38",2004,8189,644705,12.7019334424272
"38",2005,8390,646089,12.9858270300222
"38",2006,8621,649422,13.2748813560366
"39",2003,149679,11434788,13.0897923074743
"39",2004,148954,11452251,13.0065259659433
"39",2005,148388,11463320,12.9445919681209
"39",2006,150593,11481213,13.1164712299998
"40",2003,50981,3504892,14.5456693102098
"40",2004,51306,3525233,14.5539316124636
"40",2005,51801,3548597,14.5976001219637
"40",2006,54016,3594090,15.0291172452554
"41",2003,45953,3547376,12.9540821159076
"41",2004,45678,3569463,12.7968828924687
"41",2005,45922,3613202,12.7095025409595
"41",2006,48689,3670883,13.2635662863676
"42",2003,145959,12374658,11.7949926373723
"42",2004,144748,12410722,11.6631409518318
"42",2005,145383,12449990,11.677358776995
"42",2006,149090,12510809,11.9168952223633
"44",2003,13209,1071342,12.3293962152142
"44",2004,12779,1074579,11.8920991383602
"44",2005,12697,1067916,11.8895119091764
"44",2006,12372,1063096,11.6377072249355
"45",2003,55649,4150297,13.4084379985336
"45",2004,56590,4210921,13.4388652743663
"45",2005,57711,4270150,13.5149819093006
"45",2006,62171,4357847,14.266448546725
"46",2003,11027,763729,14.4383675361287
"46",2004,11338,770396,14.7171065270329
"46",2005,11462,775493,14.780275257159
"46",2006,11919,783033,15.221580699664
"47",2003,78890,5847812,13.4905157689748
"47",2004,79642,5910809,13.4739593175824
"47",2005,81747,5991057,13.6448376304882
"47",2006,84355,6088766,13.8542029698629
"48",2003,377476,22030931,17.1339105006502
"48",2004,381293,22394023,17.0265521295571
"48",2005,385915,22778123,16.9423529761429
"48",2006,399603,23359580,17.1066003755205
"49",2003,49860,2360137,21.1258922681183
"49",2004,50670,2401580,21.0986100816962
"49",2005,51556,2457719,20.9771743637088
"49",2006,53504,2525507,21.1854490999233
"50",2003,6589,617858,10.6642626622946
"50",2004,6599,619920,10.6449219254097
"50",2005,6295,621215,10.1333676746376
"50",2006,6511,622892,10.4528553906616
"51",2003,101254,7366977,13.744307875537
"51",2004,103933,7475575,13.9030108051889
"51",2005,104555,7577105,13.7988057444103
"51",2006,107817,7673725,14.0501516538578
"53",2003,80489,6104115,13.1860228714564
"53",2004,81747,6178645,13.2305707804867
"53",2005,82703,6257305,13.2170319330766
"53",2006,86876,6370753,13.6366925542397
"54",2003,20935,1812295,11.5516513591882
"54",2004,20880,1816438,11.4950248783608
"54",2005,20836,1820492,11.4452576556228
"54",2006,20931,1827912,11.4507700589525
"55",2003,70040,5479203,12.7828810138993
"55",2004,70146,5514026,12.7213763591249
"55",2005,70984,5546166,12.7987514257597
"55",2006,72340,5577655,12.9696081955589
"56",2003,6700,503453,13.308094300759
"56",2004,6807,509106,13.3704965174247
"56",2005,7239,514157,14.0793570835367
"56",2006,7672,522667,14.6785620672436
"01",2007,64804,4672840,13.8682257470831
"01",2008,64546,4718206,13.6801996352003
"01",2009,62475,4757938,13.1306881258226
"01",2010,60050,4785298,12.5488527569234
"01",2010,60050,4769468,12.5905027562823
"01",2011,59354,4784152,12.4063783926598
"01",2012,58448,4800977,12.1741887120059
"01",2013,58167,4816262,12.0772084242925
"01",2014,59422,4828827,12.3056800336811
"01",2015,59657,4841159,12.3228755758693
"02",2007,11052,680300,16.2457739232691
"02",2008,11442,687455,16.6439985162665
"02",2009,11324,698895,16.2027200080127
"02",2010,11471,713985,16.0661638549829
"02",2010,11471,691746,16.5826763002605
"02",2011,11456,703301,16.2889004849986
"02",2012,11187,709830,15.7601115760112
"02",2013,11446,714031,16.0301163394867
"02",2014,11392,714962,15.933713959623
"02",2015,11282,716411,15.7479435687057
"04",2007,102981,6167681,16.6968752112828
"04",2008,99442,6280362,15.8338006630828
"04",2009,92798,6343154,14.6296306222425
"04",2010,87477,6413737,13.6390064014162
"04",2010,87477,6385425,13.6994796744148
"04",2011,85543,6452085,13.2581948315932
"04",2012,86441,6536348,13.224663068735
"04",2013,85600,6614165,12.9419208622706
"04",2014,86887,6713231,12.9426501188474
"04",2015,85351,6814748,12.5244543158456
"05",2007,41378,2848650,14.525476980324
"05",2008,40669,2874554,14.1479339055728
"05",2009,39808,2896843,13.7418562207203
"05",2010,38540,2921606,13.1913748808019
"05",2010,38540,2914832,13.2220313211876
"05",2011,38715,2934462,13.1932190636648
"05",2012,38347,2946320,13.015218985039
"05",2013,37832,2953718,12.8082640252048
"05",2014,38511,2961986,13.0017495018545
"05",2015,38886,2974207,13.0744094140051
"06",2007,566414,36250311,15.6250797406952
"06",2008,551779,36604337,15.0741427170229
"06",2009,527020,36961229,14.2587250007298
"06",2010,510198,37349363,13.660152651064
"06",2010,510198,37168432,13.7266484634057
"06",2011,502120,37483289,13.3958362085035
"06",2012,503755,37791539,13.3298355486396
"06",2013,494705,38097680,12.985173900353
"06",2014,502879,38433587,13.0843629037279
"06",2015,491748,38748443,12.6907808915058
"08",2007,70809,4803868,14.7399970190688
"08",2008,70031,4889730,14.3220586821767
"08",2009,68628,4972195,13.8023548955743
"08",2010,66355,5049071,13.1420215718892
"08",2010,66355,5014159,13.2335253030468
"08",2011,65055,5087753,12.7865877136724
"08",2012,65187,5158931,12.6357572915784
"08",2013,65007,5234450,12.4190698163131
"08",2014,65830,5316449,12.3823251196428
"08",2015,66581,5419565,12.2853033407663
"09",2007,41660,3527270,11.8108338743561
"09",2008,40399,3545579,11.3941897783127
"09",2009,38896,3561807,10.9202997242692
"09",2010,37708,3577073,10.5415796658329
"09",2010,37708,3570643,10.5605629014158
"09",2011,37281,3581249,10.4100552628427
"09",2012,36539,3587669,10.1846073313898
"09",2013,36085,3587359,10.0589319329345
"09",2014,36285,3588098,10.1126000460411
"09",2015,35746,3581256,9.981414341784
"10",2007,12170,871749,13.9604404478812
"10",2008,12090,883874,13.6784202273175
"10",2009,11559,891730,12.9624437890393
"10",2010,11364,899769,12.6299083431414
"10",2010,11364,895748,12.6866038216105
"10",2011,11257,903752,12.4558507201091
"10",2012,11023,911646,12.0913161468377
"10",2013,10831,919904,11.774054683967
"10",2014,10972,929252,11.8073461235488
"10",2015,11166,938508,11.8976076922093
"11",2007,8864,574404,15.4316474119261
"11",2008,9130,580236,15.7349768025424
"11",2009,9040,592228,15.2643914168192
"11",2010,9165,604453,15.1624692076969
"11",2010,9165,602164,15.2201061504839
"11",2011,9295,617290,15.0577524340261
"11",2012,9399,632689,14.8556399747743
"11",2013,9288,648247,14.3278719377028
"11",2014,9509,660110,14.4051748950932
"11",2015,9578,673235,14.2268301558891
"12",2007,239165,18367842,13.0208546001212
"12",2008,231445,18527305,12.4921028719503
"12",2009,221394,18652644,11.8693092518144
"12",2010,214590,18843326,11.3881169385914
"12",2010,214590,18773674,11.4303678651286
"12",2011,213414,18989438,11.2385632476327
"12",2012,213148,19234269,11.0816792673535
"12",2013,215407,19480553,11.0575403069923
"12",2014,219991,19784220,11.119518484934
"12",2015,224269,20150703,11.1295868933208
"13",2007,151137,9349988,16.1644057724994
"13",2008,146603,9504843,15.4240317278255
"13",2009,141377,9620846,14.6948615537553
"13",2010,133947,9712587,13.7910733772578
"13",2010,133947,9653798,13.8750572572577
"13",2011,132409,9735448,13.6007094896917
"13",2012,130280,9838651,13.2416527428405
"13",2013,128748,9912074,12.9890071442162
"13",2014,130946,10005555,13.0873299881916
"13",2015,131404,10119225,12.9855794292547
"15",2007,19134,1315675,14.5431052501568
"15",2008,19484,1332213,14.6252888989974
"15",2009,18887,1346717,14.0244758178593
"15",2010,18988,1363621,13.9246902181765
"15",2010,18988,1324627,14.3346013632517
"15",2011,18956,1339765,14.148749967345
"15",2012,18980,1352116,14.0372571584095
"15",2013,18987,1362679,13.9335823036827
"15",2014,18550,1368133,13.5586233209783
"15",2015,18420,1374801,13.3983027361778
"16",2007,25019,1505105,16.6227605383013
"16",2008,25149,1534320,16.3909745033631
"16",2009,23737,1554439,15.270460918698
"16",2010,23198,1571450,14.76216233415
"16",2010,23198,1566163,14.811995941674
"16",2011,22305,1579138,14.1247946664573
"16",2012,22963,1592142,14.4227085272545
"16",2013,22383,1608194,13.9180969460152
"16",2014,22876,1628020,14.0514244296753
"16",2015,22827,1648634,13.8460082710899
"17",2007,180836,12695866,14.2436916079612
"17",2008,176795,12747038,13.8694965842261
"17",2009,171163,12796778,13.3754762331581
"17",2010,165200,12843166,12.8628719740911
"17",2010,165200,12806451,12.8997487281996
"17",2011,161312,12838696,12.5645158978762
"17",2012,159160,12854189,12.3819557966668
"17",2013,156931,12864874,12.1984094053311
"17",2014,158556,12857987,12.3313237134242
"17",2015,158116,12830913,12.3230513682074
"18",2007,89864,6379599,14.0861518098551
"18",2008,88742,6424806,13.8124014950802
"18",2009,86673,6459325,13.4182751293672
"18",2010,83940,6490621,12.9325067663017
"18",2010,83940,6485665,12.9423890996528
"18",2011,83701,6513042,12.8512913013612
"18",2012,83227,6535342,12.7349111951601
"18",2013,83102,6567116,12.6542610180786
"18",2014,84080,6592946,12.7530242170951
"18",2015,84040,6608697,12.7165763538561
"19",2007,40886,2999212,13.6322474036514
"19",2008,40224,3016734,13.3336250395295
"19",2009,39701,3032870,13.0902412566315
"19",2010,38719,3049883,12.6952410961339
"19",2010,38719,3048886,12.6993924994244
"19",2011,38214,3062768,12.4769489559771
"19",2012,38702,3075288,12.5848375826914
"19",2013,39094,3092265,12.6425128506127
"19",2014,39687,3109092,12.7648200825193
"19",2015,39482,3121242,12.649451724666
"20",2007,42004,2783785,15.0888089417825
"20",2008,41833,2808076,14.8973888171118
"20",2009,41396,2832704,14.6135988793746
"20",2010,40649,2859169,14.2170679662517
"20",2010,40649,2837720,14.3245281423114
"20",2011,39642,2848952,13.9145903476085
"20",2012,40341,2862952,14.0907007871595
"20",2013,38839,2869913,13.533162851975
"20",2014,39223,2879100,13.6233545205099
"20",2015,39154,2886880,13.5627390123594
"21",2007,59368,4256672,13.9470459551499
"21",2008,58375,4289878,13.6076130836355
"21",2009,57551,4317074,13.3310200381091
"21",2010,55784,4346266,12.8349254279421
"21",2010,55784,4326971,12.8921594343942
"21",2011,55370,4348352,12.7335597486128
"21",2012,55758,4363573,12.7780605480875
"21",2013,55686,4386681,12.6943354212444
"21",2014,56170,4397571,12.772960345609
"21",2015,55971,4410772,12.6896153326447
"22",2007,66301,4375581,15.1525020334442
"22",2008,65268,4435586,14.7146284617185
"22",2009,64973,4491648,14.4652920264455
"22",2010,62379,4544228,13.727084116378
"22",2010,62379,4521176,13.7970740356049
"22",2011,61888,4558763,13.5756125071648
"22",2012,62642,4582434,13.6700277625384
"22",2013,63201,4605736,13.7222367934245
"22",2014,64497,4627054,13.9391068269357
"22",2015,64692,4649374,13.9141312357319
"23",2007,14120,1327040,10.6402218471184
"23",2008,13609,1330509,10.2284163429184
"23",2009,13470,1329590,10.1309426214096
"23",2010,12970,1327567,9.7697517338108
"23",2010,12970,1325014,9.78857581882154
"23",2011,12704,1327030,9.57325757518669
"23",2012,12798,1326780,9.64590964590965
"23",2013,12776,1327126,9.62681764956756
"23",2014,12698,1329824,9.54863199942248
"23",2015,12607,1327956,9.49353743648133
"24",2007,78095,5653408,13.8137916102995
"24",2008,77289,5684965,13.595334360018
"24",2009,75059,5730388,13.0984149764379
"24",2010,73801,5785982,12.7551381943463
"24",2010,73801,5760275,12.8120619241269
"24",2011,73093,5811420,12.5774767612735
"24",2012,72883,5860550,12.4362047930655
"24",2013,71953,5896362,12.2029481907658
"24",2014,73921,5930388,12.4647830799604
"24",2015,73616,5958369,12.3550589095774
"25",2007,77967,6431559,12.122566239383
"25",2008,77022,6468967,11.9063831984303
"25",2009,75016,6517613,11.5097352358908
"25",2010,72865,6557254,11.1121210189509
"25",2010,72865,6559168,11.1088784431196
"25",2011,73166,6606731,11.0744633011394
"25",2012,72439,6658267,10.8795576987225
"25",2013,71788,6709392,10.6996282226467
"25",2014,71908,6759247,10.6384631305824
"25",2015,71492,6792506,10.5251287227424
"26",2007,125261,10001284,12.5244918552458
"26",2008,121127,9946889,12.1773752577313
"26",2009,117294,9901591,11.8459750559279
"26",2010,114531,9877574,11.5950536032431
"26",2010,114531,9872083,11.6015029452244
"26",2011,114008,9877159,11.5425903339209
"26",2012,113091,9892619,11.4318564173956
"26",2013,113489,9910445,11.4514534917453
"26",2014,114375,9927826,11.5206491330529
"26",2015,113312,9930297,11.4107362549177
"27",2007,73735,5207203,14.1601931017477
"27",2008,72421,5247018,13.8023159059107
"27",2009,70646,5281203,13.3768764427347
"27",2010,68610,5310584,12.919483054971
"27",2010,68610,5306797,12.9287025676693
"27",2011,68409,5341636,12.8067505910174
"27",2012,68772,5374722,12.79545249038
"27",2013,69159,5412163,12.7784399693801
"27",2014,69904,5449837,12.8268056457468
"27",2015,69834,5481810,12.7392229938652
"28",2007,46491,2928350,15.8761760035515
"28",2008,44947,2947806,15.2476112742833
"28",2009,42901,2958774,14.4995866531205
"28",2010,40036,2970036,13.4799712865433
"28",2010,40036,2954914,13.5489560779095
"28",2011,39860,2962502,13.4548432372366
"28",2012,38669,2967397,13.031286342879
"28",2013,38634,2973665,12.9920485327029
"28",2014,38736,2976728,13.0129457578926
"28",2015,38394,2975416,12.9037418633226
"29",2007,81930,5887612,13.9156588443668
"29",2008,80963,5923916,13.667141802821
"29",2009,78905,5961088,13.2366775997939
"29",2010,76759,5996231,12.8012079587995
"29",2010,76759,5975814,12.8449446385045
"29",2011,76117,5991669,12.7038059011604
"29",2012,75446,6007500,12.5586350395339
"29",2013,75296,6023011,12.5013884251581
"29",2014,75360,6041311,12.4741136485111
"29",2015,75061,6059878,12.3865529966115
"30",2007,12439,964706,12.8940837934044
"30",2008,12594,976415,12.898204144754
"30",2009,12257,983982,12.4565286763376
"30",2010,12060,990898,12.1707784252264
"30",2010,12060,987015,12.2186592908922
"30",2011,12069,993205,12.15156991759
"30",2012,12118,1000127,12.1164612094264
"30",2013,12377,1010249,12.251435042252
"30",2014,12432,1018828,12.2022559254359
"30",2015,12583,1027782,12.2428686238911
"31",2007,26934,1783440,15.1022742564931
"31",2008,26989,1796378,15.0241207585486
"31",2009,26936,1812683,14.8597410578684
"31",2010,25918,1830429,14.1595221666615
"31",2010,25918,1822645,14.219993471027
"31",2011,25720,1833395,14.0286190373597
"31",2012,25942,1847181,14.0441028789274
"31",2013,26095,1859239,14.035312297128
"31",2014,26794,1873230,14.3036359656849
"31",2015,26679,1885516,14.1494423807594
"32",2007,41181,2601072,15.8323183671963
"32",2008,39506,2653630,14.8875314192257
"32",2009,37612,2684665,14.0099416500755
"32",2010,35934,2704642,13.2860467300293
"32",2010,35934,2691508,13.3508798784919
"32",2011,35296,2701281,13.0663933148754
"32",2012,34911,2732801,12.7748050443483
"32",2013,35030,2764962,12.669251873986
"32",2014,35861,2807020,12.7754700714637
"32",2015,36298,2857463,12.7028766426722
"33",2007,14168,1312540,10.794337696375
"33",2008,13683,1315906,10.3981591390266
"33",2009,13377,1316102,10.1641058215853
"33",2010,12874,1316759,9.77703588887564
"33",2010,12874,1315158,9.78893790708037
"33",2011,12851,1318217,9.74877429133443
"33",2012,12352,1323217,9.33482565595817
"33",2013,12396,1325773,9.35001693351728
"33",2014,12302,1332868,9.22972117268927
"33",2015,12433,1335865,9.30707818529567
"34",2007,116063,8677885,13.3745722604068
"34",2008,112710,8711090,12.9386793156769
"34",2009,110331,8755602,12.6011895013044
"34",2010,106922,8801624,12.1479854172366
"34",2010,106922,8790533,12.1633125090367
"34",2011,105883,8819204,12.0059588144236
"34",2012,104230,8836122,11.7958986985467
"34",2013,102575,8848385,11.5925109497383
"34",2014,103305,8857422,11.6631001661657
"34",2015,103127,8861254,11.6379690730003
"35",2007,30616,1990070,15.3843834638983
"35",2008,30173,2010662,15.006500346652
"35",2009,29000,2036802,14.2380064434344
"35",2010,27850,2065932,13.4805985869816
"35",2010,27850,2053177,13.5643444281716
"35",2011,27289,2067879,13.1966135349312
"35",2012,27068,2074553,13.0476300195753
"35",2013,26354,2079709,12.6719651643571
"35",2014,26052,2077530,12.5398911207058
"35",2015,25816,2078592,12.419945809471
"36",2007,253451,19132335,13.2472591557695
"36",2008,250383,19212436,13.0323400947178
"36",2009,248110,19307066,12.8507355804346
"36",2010,244375,19392283,12.6016622179039
"36",2010,244375,19374717,12.6130874582581
"36",2011,241312,19476121,12.390146888079
"36",2012,240916,19543673,12.3270584807677
"36",2013,236980,19601804,12.0897035803439
"36",2014,238773,19627285,12.1653606191585
"36",2015,237274,19631847,12.0861781369832
"37",2007,131037,9118037,14.3711853768525
"37",2008,130839,9309449,14.0544300742181
"37",2009,126845,9449566,13.4233678033467
"37",2010,122350,9561558,12.7960317764113
"37",2010,122350,9466751,12.9241806402218
"37",2011,120389,9560122,12.5928309283082
"37",2012,119831,9647441,12.4210140284869
"37",2013,119002,9739555,12.2184227102778
"37",2014,120975,9830983,12.3054835920274
"37",2015,120843,9933372,12.1653553294893
"38",2007,8840,652822,13.5412103146034
"38",2008,8938,657569,13.592489913606
"38",2009,9001,664968,13.5359897017601
"38",2010,9104,674499,13.4974254965537
"38",2010,9104,667294,13.6431617847605
"38",2011,9527,678499,14.0412881964454
"38",2012,10106,694563,14.5501559973681
"38",2013,10599,715429,14.8148872914014
"38",2014,11359,731687,15.5243977274436
"38",2015,11314,748273,15.1201499987304
"39",2007,150879,11500468,13.119379141788
"39",2008,148821,11515391,12.9236601692465
"39",2009,144841,11528896,12.563301811379
"39",2010,139128,11536182,12.0601426017724
"39",2010,139128,11528455,12.0682259678335
"39",2011,137918,11535359,11.9561081714058
"39",2012,138483,11539299,12.0009889682207
"39",2013,138936,11569129,12.0092013841319
"39",2014,139467,11596748,12.0263887772676
"39",2015,139264,11613385,11.9916802895969
"40",2007,55065,3634349,15.1512691819085
"40",2008,54781,3668976,14.9308689945096
"40",2009,54553,3717572,14.6743627292222
"40",2010,53238,3761702,14.1526362268994
"40",2010,53238,3735350,14.2524796873118
"40",2011,52272,3764539,13.8853655122181
"40",2012,52751,3797313,13.8916649746808
"40",2013,53369,3832645,13.9248482444891
"40",2014,53339,3859343,13.8207461736363
"40",2015,53122,3891727,13.6499811009354
"41",2007,49378,3722417,13.265037205665
"41",2008,49096,3768748,13.0271379248493
"41",2009,47132,3808600,12.3751509741112
"41",2010,45540,3838957,11.8625970543562
"41",2010,45540,3834467,11.8764876578674
"41",2011,45155,3869400,11.6697679226753
"41",2012,45067,3897463,11.5631630114256
"41",2013,45155,3921615,11.5143888423519
"41",2014,45556,3962591,11.4965183133965
"41",2015,45655,4015841,11.3687269989026
"42",2007,150713,12563937,11.9956825635149
"42",2008,149273,12612285,11.8355238563036
"42",2009,146434,12666858,11.5604043244189
"42",2010,143321,12709630,11.2765674531831
"42",2010,143321,12701356,11.2839133081539
"42",2011,143178,12739009,11.2393358070475
"42",2012,142514,12761847,11.1671923350907
"42",2013,140921,12771254,11.0342335999268
"42",2014,142268,12785624,11.1271847193379
"42",2015,141047,12783889,11.0331840334346
"44",2007,12376,1057315,11.7051209904333
"44",2008,12048,1055003,11.4198727396984
"44",2009,11442,1053646,10.8594347627192
"44",2010,11177,1052886,10.6155842132956
"44",2010,11177,1050160,10.6431400929382
"44",2011,10960,1049345,10.4446106857135
"44",2012,10926,1050947,10.3963377791649
"44",2013,10809,1051385,10.2807249485203
"44",2014,10823,1052478,10.2833503408147
"44",2015,10993,1052645,10.4432168489852
"45",2007,62875,4444110,14.1479396324573
"45",2008,63071,4528996,13.92604453614
"45",2009,60620,4589872,13.2073399868232
"45",2010,58342,4636312,12.5837087754232
"45",2010,58342,4594803,12.697388767266
"45",2011,57393,4628710,12.399351007084
"45",2012,57155,4675404,12.2246120335269
"45",2013,56795,4725622,12.0185236991025
"45",2014,57627,4784503,12.0445112062841
"45",2015,58139,4855091,11.9748527885471
"46",2007,12261,791623,15.4884332567396
"46",2008,12071,799124,15.1052902928707
"46",2009,11934,807067,14.7868764303335
"46",2010,11811,816463,14.4660566369817
"46",2010,11811,812418,14.5380826126452
"46",2011,11846,819784,14.4501478438223
"46",2012,12104,829895,14.5849776176504
"46",2013,12248,839182,14.5951652919152
"46",2014,12283,846107,14.5170764454141
"46",2015,12336,851609,14.4855209374255
"47",2007,86711,6175727,14.0406141657492
"47",2008,85560,6247411,13.6952731299413
"47",2009,82211,6306019,13.0369096572655
"47",2010,79495,6356897,12.5053150931972
"47",2010,79495,6336722,12.5451298005499
"47",2011,79588,6379576,12.4754372390892
"47",2012,80371,6431248,12.4969523800046
"47",2013,79992,6476042,12.3519890698671
"47",2014,81602,6522970,12.5099456229294
"47",2015,81685,6573472,12.4264619975562
"48",2007,407625,23831983,17.1041159269038
"48",2008,405554,24309039,16.6832592600637
"48",2009,401977,24801761,16.2075991297553
"48",2010,386118,25257114,15.2874948420473
"48",2010,386118,25114454,15.374333839788
"48",2011,377445,25530687,14.7839734982455
"48",2012,382727,25949650,14.7488309090874
"48",2013,387340,26354959,14.6970443019851
"48",2014,399766,26838147,14.8954396888876
"48",2015,403618,27350449,14.7572714436973
"49",2007,55130,2597746,21.2222442070934
"49",2008,55634,2663029,20.8912482740518
"49",2009,53887,2723421,19.7865111563728
"49",2010,52258,2776469,18.8217480548135
"49",2010,52258,2768918,18.8730760535343
"49",2011,51223,2808759,18.2368797038123
"49",2012,51465,2848351,18.0683490201875
"49",2013,50957,2893609,17.6101885223608
"49",2014,51154,2933064,17.4404649881489
"49",2015,50778,2978634,17.0474116658844
"50",2007,6513,623481,10.446188416327
"50",2008,6339,624151,10.1561961768867
"50",2009,6110,624817,9.77886325115994
"50",2010,6223,625960,9.94152981021151
"50",2010,6223,624387,9.96657521697281
"50",2011,6078,626514,9.70129957191699
"50",2012,6009,625760,9.60272308872411
"50",2013,5975,625979,9.54504863581686
"50",2014,6130,625131,9.80594467399633
"50",2015,5903,625235,9.44125008996617
"51",2007,108884,7751000,14.0477357760289
"51",2008,106686,7833496,13.6192065458385
"51",2009,105059,7925937,13.2550889566748
"51",2010,103002,8024617,12.8357527842139
"51",2010,103002,7908078,13.0249094659916
"51",2011,102652,7989860,12.8477845669386
"51",2012,103013,8076936,12.7539700698384
"51",2013,102147,8141366,12.5466660017496
"51",2014,103300,8201485,12.5952800011217
"51",2015,103303,8256530,12.5116725791586
"53",2007,88978,6461587,13.7703013207127
"53",2008,90321,6562231,13.763764183248
"53",2009,89313,6667426,13.3954242611767
"53",2010,86539,6744496,12.8310551299904
"53",2010,86539,6702198,12.9120327391104
"53",2011,86976,6775492,12.8368537664866
"53",2012,87463,6852087,12.7644322087563
"53",2013,86577,6913959,12.5220586352913
"53",2014,88585,7004605,12.6466802910371
"53",2015,88990,7113327,12.5103204168738
"54",2007,21994,1834052,11.9920263983791
"54",2008,21501,1840310,11.6833576951709
"54",2009,21268,1847775,11.5100593957598
"54",2010,20470,1853973,11.0411532422533
"54",2010,20470,1852130,11.0521399685767
"54",2011,20717,1854769,11.1695849995336
"54",2012,20827,1855907,11.2220062750989
"54",2013,20825,1853461,11.2357368188486
"54",2014,20301,1849308,10.9776197366799
"54",2015,19805,1842319,10.750038402687
"55",2007,72784,5610775,12.9721829871987
"55",2008,72261,5640996,12.8099718560339
"55",2009,70843,5669264,12.4959783139399
"55",2010,68487,5691047,12.0341652423535
"55",2010,68487,5686022,12.0448003894463
"55",2011,67810,5701993,11.8923330842391
"55",2012,67295,5717463,11.7700805409672
"55",2013,66649,5734751,11.6219518510917
"55",2014,67161,5750004,11.6801657877108
"55",2015,67041,5759958,11.6391473687829
"56",2007,7893,534876,14.7566912705001
"56",2008,8038,546043,14.7204524185824
"56",2009,7881,559851,14.0769597625082
"56",2010,7556,564460,13.3862452609574
"56",2010,7556,561375,13.4598085059007
"56",2011,7399,564270,13.112517057437
"56",2012,7572,573515,13.2027933009599
"56",2013,7644,579251,13.1963518405665
"56",2014,7696,580096,13.2667696381289
"56",2015,7765,583400,13.3099074391498
"01",2016,59151,4863300,12.16
"01",2017,58941,4874747,12.09
"01",2018,57761,4887871,11.82
"01",2019,58615,4903185,11.95
"01",2020,57647,4921532,11.71
"01",2021,58054,5039877,11.52
"01",2022,58149,5074296,11.46
"02",2016,11209,741894,15.11
"02",2017,10445,739795,14.12
"02",2018,10086,737438,13.68
"02",2019,9822,731545,13.43
"02",2020,9469,731158,12.95
"02",2021,9367,732673,12.78
"02",2022,9359,733583,12.76
"04",2016,84520,6931071,12.19
"04",2017,81872,7016270,11.67
"04",2018,80723,7171646,11.26
"04",2019,79375,7278717,10.91
"04",2020,76947,7421401,10.37
"04",2021,77916,7276316,10.71
"04",2022,78547,7359197,10.67
"05",2016,38274,2988248,12.81
"05",2017,37520,3004279,12.49
"05",2018,37018,3013825,12.28
"05",2019,36564,3017804,12.12
"05",2020,35251,3030522,11.63
"05",2021,35965,3025891,11.89
"05",2022,35471,3045637,11.65
"06",2016,488827,39250017,12.45
"06",2017,471658,39536653,11.93
"06",2018,454920,39557045,11.5
"06",2019,446479,39512223,11.3
"06",2020,420259,39368078,10.68
"06",2021,420608,39237836,10.72
"06",2022,419104,39029342,10.74
"08",2016,66613,5540545,12.02
"08",2017,64382,5607154,11.48
"08",2018,62885,5695564,11.04
"08",2019,62869,5758736,10.92
"08",2020,61494,5807719,10.59
"08",2021,62949,5812069,10.83
"08",2022,62383,5839926,10.68
"09",2016,36015,3576452,10.07
"09",2017,35221,3588184,9.82
"09",2018,34725,3572665,9.72
"09",2019,34258,3565287,9.61
"09",2020,33460,3557006,9.41
"09",2021,35670,3605597,9.89
"09",2022,35332,3626205,9.74
"10",2016,10992,952065,11.55
"10",2017,10855,961939,11.28
"10",2018,10621,967171,10.98
"10",2019,10562,973764,10.85
"10",2020,10392,986809,10.53
"10",2021,10482,1003384,10.45
"10",2022,10816,1018396,10.62
"11",2016,9858,681170,14.47
"11",2017,9560,693972,13.78
"11",2018,9212,702455,13.11
"11",2019,9079,705749,12.86
"11",2020,8874,712816,12.45
"11",2021,8660,670050,12.92
"11",2022,8075,671803,12.02
"12",2016,225022,20612439,10.92
"12",2017,223630,20984400,10.66
"12",2018,221542,21299325,10.4
"12",2019,220002,21477737,10.24
"12",2020,209671,21733312,9.65
"12",2021,216260,21781128,9.93
"12",2022,224433,22244823,10.09
"13",2016,130042,10310371,12.61
"13",2017,129243,10429379,12.39
"13",2018,126172,10519475,11.99
"13",2019,126371,10617423,11.9
"13",2020,122473,10710017,11.44
"13",2021,124073,10799566,11.49
"13",2022,126130,10912876,11.56
"15",2016,18059,1428557,12.64
"15",2017,17517,1427538,12.27
"15",2018,16972,1420491,11.95
"15",2019,16797,1415872,11.86
"15",2020,15785,1407006,11.22
"15",2021,15620,1441553,10.84
"15",2022,15535,1440196,10.79
"16",2016,22482,1683140,13.36
"16",2017,22181,1716943,12.92
"16",2018,21403,1754208,12.2
"16",2019,22063,1787065,12.35
"16",2020,21533,1826913,11.79
"16",2021,22427,1900923,11.8
"16",2022,22391,1939033,11.55
"17",2016,154445,12801539,12.06
"17",2017,149390,12802023,11.67
"17",2018,144815,12741080,11.37
"17",2019,140128,12671821,11.06
"17",2020,133298,12587530,10.59
"17",2021,132189,12671469,10.43
"17",2022,128350,12582032,10.2
"18",2016,83091,6633053,12.53
"18",2017,82170,6666818,12.33
"18",2018,81646,6691878,12.2
"18",2019,80859,6732219,12.01
"18",2020,78616,6754953,11.64
"18",2021,79946,6805985,11.75
"18",2022,79649,6833037,11.66
"19",2016,39403,3134693,12.57
"19",2017,38430,3145711,12.22
"19",2018,37785,3156145,11.97
"19",2019,37649,3155070,11.93
"19",2020,36114,3163561,11.42
"19",2021,36835,3193079,11.54
"19",2022,36506,3200517,11.41
"20",2016,38053,2907289,13.09
"20",2017,36519,2913123,12.54
"20",2018,36261,2911505,12.45
"20",2019,35395,2913314,12.15
"20",2020,34376,2913805,11.8
"20",2021,34705,2934582,11.83
"20",2022,34401,2937150,11.71
"21",2016,55449,4436974,12.5
"21",2017,54752,4454189,12.29
"21",2018,53922,4468402,12.07
"21",2019,53069,4467673,11.88
"21",2020,51668,4477251,11.54
"21",2021,52214,4509394,11.58
"21",2022,52315,4512310,11.59
"22",2016,63178,4681666,13.49
"22",2017,61018,4684333,13.03
"22",2018,59615,4659978,12.79
"22",2019,58941,4648794,12.68
"22",2020,57328,4645318,12.34
"22",2021,57437,4624047,12.42
"22",2022,56479,4590241,12.3
"23",2016,12705,1331479,9.54
"23",2017,12298,1335907,9.21
"23",2018,12311,1338404,9.2
"23",2019,11779,1344212,8.76
"23",2020,11539,1350141,8.55
"23",2021,12006,1372247,8.75
"23",2022,12093,1385340,8.73
"24",2016,73136,6016447,12.16
"24",2017,71641,6052177,11.84
"24",2018,71080,6042718,11.76
"24",2019,70178,6045680,11.61
"24",2020,68554,6055802,11.32
"24",2021,68285,6165129,11.08
"24",2022,68782,6164660,11.16
"25",2016,71317,6811779,10.47
"25",2017,70702,6859819,10.31
"25",2018,69109,6902149,10.01
"25",2019,69117,6892503,10.03
"25",2020,66428,6893574,9.64
"25",2021,69137,6984723,9.9
"25",2022,68584,6981974,9.82
"26",2016,113315,9928300,11.41
"26",2017,111426,9962311,11.18
"26",2018,110032,9995915,11.01
"26",2019,107886,9986857,10.8
"26",2020,104074,9966555,10.44
"26",2021,104980,10050811,10.44
"26",2022,102321,10034113,10.2
"27",2016,69749,5519952,12.64
"27",2017,68595,5576606,12.3
"27",2018,67344,5611179,12
"27",2019,66027,5639632,11.71
"27",2020,63443,5657342,11.21
"27",2021,64425,5707390,11.29
"27",2022,64015,5717184,11.2
"28",2016,37928,2988726,12.69
"28",2017,37357,2984100,12.52
"28",2018,37000,2986530,12.39
"28",2019,36636,2976149,12.31
"28",2020,35473,2966786,11.96
"28",2021,35156,2949965,11.92
"28",2022,34675,2940057,11.79
"29",2016,74705,6093000,12.26
"29",2017,73034,6113532,11.95
"29",2018,73269,6126452,11.96
"29",2019,72127,6137428,11.75
"29",2020,69285,6151548,11.26
"29",2021,69453,6168187,11.26
"29",2022,68985,6177957,11.17
"30",2016,12282,1042520,11.78
"30",2017,11799,1050493,11.23
"30",2018,11513,1062305,10.84
"30",2019,11079,1068778,10.37
"30",2020,10791,1080577,9.99
"30",2021,11231,1104271,10.17
"30",2022,11175,1122867,9.95
"31",2016,26589,1907116,13.94
"31",2017,25821,1920076,13.45
"31",2018,25488,1929268,13.21
"31",2019,24755,1934408,12.8
"31",2020,24291,1937552,12.54
"31",2021,24609,1963692,12.53
"31",2022,24345,1967923,12.37
"32",2016,36260,2940058,12.33
"32",2017,35756,2998039,11.93
"32",2018,35682,3034392,11.76
"32",2019,35072,3080156,11.39
"32",2020,33653,3138259,10.72
"32",2021,33686,3143991,10.71
"32",2022,33193,3177772,10.45
"33",2016,12267,1334795,9.19
"33",2017,12116,1342795,9.02
"33",2018,11995,1356458,8.84
"33",2019,11839,1359711,8.71
"33",2020,11791,1366275,8.63
"33",2021,12625,1388992,9.09
"33",2022,12077,1395231,8.66
"34",2016,102647,8944469,11.48
"34",2017,101250,9005644,11.24
"34",2018,101223,8908520,11.36
"34",2019,99585,8882190,11.21
"34",2020,97954,8882371,11.03
"34",2021,101497,9267130,10.95
"34",2022,102893,9261699,11.11
"35",2016,24692,2081015,11.87
"35",2017,23767,2088070,11.38
"35",2018,23039,2095428,10.99
"35",2019,22960,2096829,10.95
"35",2020,21903,2106319,10.4
"35",2021,21391,2115877,10.11
"35",2022,21614,2113344,10.23
"36",2016,234283,19745289,11.87
"36",2017,229737,19849399,11.57
"36",2018,226238,19542209,11.58
"36",2019,221539,19453561,11.39
"36",2020,209338,19336776,10.83
"36",2021,210742,19835913,10.62
"36",2022,207774,19677151,10.56
"37",2016,120779,10146788,11.9
"37",2017,120125,10273419,11.69
"37",2018,118954,10383620,11.46
"37",2019,118725,10488084,11.32
"37",2020,116730,10600823,11.01
"37",2021,120466,10551162,11.42
"37",2022,121562,10698973,11.36
"38",2016,11383,757952,15.02
"38",2017,10737,755393,14.21
"38",2018,10636,760077,13.99
"38",2019,10454,762062,13.72
"38",2020,10059,765309,13.14
"38",2021,10112,774948,13.05
"38",2022,9567,779261,12.28
"39",2016,138085,11614373,11.89
"39",2017,136832,11658609,11.74
"39",2018,135134,11689442,11.56
"39",2019,134461,11689100,11.5
"39",2020,129191,11693217,11.05
"39",2021,129791,11780017,11.02
"39",2022,128231,11756058,10.91
"40",2016,52592,3923561,13.4
"40",2017,50214,3930864,12.77
"40",2018,49800,3943079,12.63
"40",2019,49143,3956971,12.42
"40",2020,47623,3980783,11.96
"40",2021,48410,3986639,12.14
"40",2022,48332,4019800,12.02
"41",2016,45535,4093465,11.12
"41",2017,43631,4142776,10.53
"41",2018,42188,4190713,10.07
"41",2019,41858,4217737,9.92
"41",2020,39820,4241507,9.39
"41",2021,40914,4246155,9.64
"41",2022,39493,4240137,9.31
"42",2016,139409,12784227,10.9
"42",2017,137745,12805537,10.76
"42",2018,135673,12807060,10.59
"42",2019,134230,12801989,10.49
"42",2020,130693,12783254,10.22
"42",2021,132622,12964056,10.23
"42",2022,130252,12972008,10.04
"44",2016,10798,1056426,10.22
"44",2017,10638,1059639,10.04
"44",2018,10506,1057315,9.94
"44",2019,10175,1059361,9.6
"44",2020,10101,1057125,9.56
"44",2021,10464,1095610,9.55
"44",2022,10269,1093734,9.39
"45",2016,57342,4961119,11.56
"45",2017,57029,5024369,11.35
"45",2018,56669,5084127,11.15
"45",2019,57038,5148714,11.08
"45",2020,55704,5218040,10.68
"45",2021,57185,5190705,11.02
"45",2022,57820,5282634,10.95
"46",2016,12275,865454,14.18
"46",2017,12134,869666,13.95
"46",2018,11893,882235,13.48
"46",2019,11449,884659,12.94
"46",2020,10960,892717,12.28
"46",2021,11369,895376,12.7
"46",2022,11201,909824,12.31
"47",2016,80807,6651194,12.15
"47",2017,81016,6715984,12.06
"47",2018,80751,6770010,11.93
"47",2019,80450,6829174,11.78
"47",2020,78689,6886834,11.43
"47",2021,81717,6975218,11.72
"47",2022,82265,7051339,11.67
"48",2016,398047,27862596,14.29
"48",2017,382050,28304596,13.5
"48",2018,378624,28701845,13.19
"48",2019,377599,28995881,13.02
"48",2020,368190,29360759,12.54
"48",2021,373594,29527941,12.65
"48",2022,389741,30029572,12.98
"49",2016,50464,3051217,16.54
"49",2017,48585,3101833,15.66
"49",2018,47209,3161105,14.93
"49",2019,46826,3205958,14.61
"49",2020,45702,3249879,14.06
"49",2021,46712,3337975,13.99
"49",2022,45768,3380800,13.54
"50",2016,5756,624594,9.22
"50",2017,5655,623657,9.07
"50",2018,5432,626299,8.67
"50",2019,5361,623989,8.59
"50",2020,5133,623347,8.23
"50",2021,5384,645570,8.34
"50",2022,5316,647064,8.22
"51",2016,102460,8411808,12.18
"51",2017,100391,8470020,11.85
"51",2018,99843,8517685,11.72
"51",2019,97429,8535519,11.41
"51",2020,94749,8590563,11.03
"51",2021,95825,8642274,11.09
"51",2022,95630,8683619,11.01
"53",2016,90505,7288000,12.42
"53",2017,87562,7405743,11.82
"53",2018,86085,7535591,11.42
"53",2019,84895,7614893,11.15
"53",2020,83086,7693612,10.8
"53",2021,83911,7738692,10.84
"53",2022,83333,7785786,10.7
"54",2016,19079,1831102,10.42
"54",2017,18675,1815857,10.28
"54",2018,18248,1805832,10.11
"54",2019,18136,1792147,10.12
"54",2020,17323,1784787,9.71
"54",2021,17198,1782959,9.65
"54",2022,16929,1775156,9.54
"55",2016,66615,5778708,11.53
"55",2017,64975,5795483,11.21
"55",2018,64098,5813568,11.03
"55",2019,63270,5822434,10.87
"55",2020,60594,5832655,10.39
"55",2021,61781,5895908,10.48
"55",2022,60049,5892539,10.19
"56",2016,7386,585501,12.61
"56",2017,6903,579315,11.92
"56",2018,6562,577737,11.36
"56",2019,6565,578759,11.34
"56",2020,6128,582328,10.52
"56",2021,6237,578803,10.78
"56",2022,6049,581381,10.4
