Geography,fips,abbreviation,Age,tot_pop,Week_Ending_Sat,rsv_cov_cum_percent,rsv_doses_cum
California,06,CA,60-74 high-risk,2931239.5,8/3/2024,0.00,0
California,06,CA,60-74 high-risk,2931239.5,8/10/2024,0.00,0
California,06,CA,60-74 high-risk,2931239.5,8/17/2024,0.00,0
California,06,CA,60-74 high-risk,2931239.5,8/24/2024,0.00,0
California,06,CA,60-74 high-risk,2931239.5,8/31/2024,0.00,0
California,06,CA,60-74 high-risk,2931239.5,9/7/2024,0.15,4536
California,06,CA,60-74 high-risk,2931239.5,9/14/2024,0.44,12754
California,06,CA,60-74 high-risk,2931239.5,9/21/2024,0.80,23415
California,06,CA,60-74 high-risk,2931239.5,9/28/2024,1.26,36909
California,06,CA,60-74 high-risk,2931239.5,10/5/2024,1.83,53496
California,06,CA,60-74 high-risk,2931239.5,10/12/2024,2.50,73262
California,06,CA,60-74 high-risk,2931239.5,10/19/2024,3.28,96108
California,06,CA,60-74 high-risk,2931239.5,10/26/2024,4.15,121733
California,06,CA,60-74 high-risk,2931239.5,11/2/2024,5.10,149638
California,06,CA,60-74 high-risk,2931239.5,11/9/2024,6.11,179113
California,06,CA,60-74 high-risk,2931239.5,11/16/2024,7.14,209262
California,06,CA,60-74 high-risk,2931239.5,11/23/2024,8.16,239073
California,06,CA,60-74 high-risk,2931239.5,11/30/2024,9.13,267537
California,06,CA,60-74 high-risk,2931239.5,12/7/2024,10.02,293754
California,06,CA,60-74 high-risk,2931239.5,12/14/2024,10.81,316995
California,06,CA,60-74 high-risk,2931239.5,12/21/2024,11.49,336748
California,06,CA,60-74 high-risk,2931239.5,12/28/2024,12.03,352769
California,06,CA,60-74 high-risk,2931239.5,1/4/2025,12.46,365120
California,06,CA,60-74 high-risk,2931239.5,1/11/2025,12.76,374125
California,06,CA,60-74 high-risk,2931239.5,1/18/2025,12.97,380265
California,06,CA,60-74 high-risk,2931239.5,1/25/2025,13.10,384080
California,06,CA,60-74 high-risk,2931239.5,2/1/2025,13.17,386107
California,06,CA,60-74 high-risk,2931239.5,2/8/2025,13.20,386833
California,06,CA,60-74 high-risk,2931239.5,2/15/2025,13.20,386833
California,06,CA,60-74 high-risk,2931239.5,2/22/2025,13.20,386833
California,06,CA,60-74 high-risk,2931239.5,3/1/2025,13.20,386833
California,06,CA,60-74 high-risk,2931239.5,3/8/2025,13.20,386833
California,06,CA,60-74 high-risk,2931239.5,3/15/2025,13.20,386833
California,06,CA,60-74 high-risk,2931239.5,3/22/2025,13.20,386833
California,06,CA,60-74 high-risk,2931239.5,3/29/2025,13.20,386833
California,06,CA,60-74 high-risk,2931239.5,4/5/2025,13.20,386833
California,06,CA,60-74 high-risk,2931239.5,4/12/2025,13.20,386833
California,06,CA,60-74 high-risk,2931239.5,4/19/2025,13.20,386833
California,06,CA,60-74 high-risk,2931239.5,4/26/2025,13.20,386833
California,06,CA,60-74 high-risk,2931239.5,5/3/2025,13.20,386833
California,06,CA,60-74 high-risk,2931239.5,5/10/2025,13.20,386833
California,06,CA,60-74 high-risk,2931239.5,5/17/2025,13.20,386833
California,06,CA,60-74 high-risk,2931239.5,5/24/2025,13.20,386833
California,06,CA,60-74 high-risk,2931239.5,5/31/2025,13.20,386833
California,06,CA,75+,2594859,8/3/2024,0.00,0
California,06,CA,75+,2594859,8/10/2024,0.00,0
California,06,CA,75+,2594859,8/17/2024,0.00,0
California,06,CA,75+,2594859,8/24/2024,0.00,0
California,06,CA,75+,2594859,8/31/2024,0.00,0
California,06,CA,75+,2594859,9/7/2024,0.18,4618
California,06,CA,75+,2594859,9/14/2024,0.50,12984
California,06,CA,75+,2594859,9/21/2024,0.92,23837
California,06,CA,75+,2594859,9/28/2024,1.45,37575
California,06,CA,75+,2594859,10/5/2024,2.10,54460
California,06,CA,75+,2594859,10/12/2024,2.87,74583
California,06,CA,75+,2594859,10/19/2024,3.77,97840
California,06,CA,75+,2594859,10/26/2024,4.78,123928
California,06,CA,75+,2594859,11/2/2024,5.87,152336
California,06,CA,75+,2594859,11/9/2024,7.03,182342
California,06,CA,75+,2594859,11/16/2024,8.21,213035
California,06,CA,75+,2594859,11/23/2024,9.38,243384
California,06,CA,75+,2594859,11/30/2024,10.50,272361
California,06,CA,75+,2594859,12/7/2024,11.52,299050
California,06,CA,75+,2594859,12/14/2024,12.44,322711
California,06,CA,75+,2594859,12/21/2024,13.21,342819
California,06,CA,75+,2594859,12/28/2024,13.84,359129
California,06,CA,75+,2594859,1/4/2025,14.32,371703
California,06,CA,75+,2594859,1/11/2025,14.68,380871
California,06,CA,75+,2594859,1/18/2025,14.92,387121
California,06,CA,75+,2594859,1/25/2025,15.07,391005
California,06,CA,75+,2594859,2/1/2025,15.15,393069
California,06,CA,75+,2594859,2/8/2025,15.18,393807
California,06,CA,75+,2594859,2/15/2025,15.18,393807
California,06,CA,75+,2594859,2/22/2025,15.18,393807
California,06,CA,75+,2594859,3/1/2025,15.18,393807
California,06,CA,75+,2594859,3/8/2025,15.18,393807
California,06,CA,75+,2594859,3/15/2025,15.18,393807
California,06,CA,75+,2594859,3/22/2025,15.18,393807
California,06,CA,75+,2594859,3/29/2025,15.18,393807
California,06,CA,75+,2594859,4/5/2025,15.18,393807
California,06,CA,75+,2594859,4/12/2025,15.18,393807
California,06,CA,75+,2594859,4/19/2025,15.18,393807
California,06,CA,75+,2594859,4/26/2025,15.18,393807
California,06,CA,75+,2594859,5/3/2025,15.18,393807
California,06,CA,75+,2594859,5/10/2025,15.18,393807
California,06,CA,75+,2594859,5/17/2025,15.18,393807
California,06,CA,75+,2594859,5/24/2025,15.18,393807
California,06,CA,75+,2594859,5/31/2025,15.18,393807
Colorado,08,CO,60-74 high-risk,454315,8/3/2024,0.00,0
Colorado,08,CO,60-74 high-risk,454315,8/10/2024,0.00,0
Colorado,08,CO,60-74 high-risk,454315,8/17/2024,0.00,0
Colorado,08,CO,60-74 high-risk,454315,8/24/2024,0.00,0
Colorado,08,CO,60-74 high-risk,454315,8/31/2024,0.00,0
Colorado,08,CO,60-74 high-risk,454315,9/7/2024,0.03,121
Colorado,08,CO,60-74 high-risk,454315,9/14/2024,0.29,1338
Colorado,08,CO,60-74 high-risk,454315,9/21/2024,0.66,2986
Colorado,08,CO,60-74 high-risk,454315,9/28/2024,1.13,5141
Colorado,08,CO,60-74 high-risk,454315,10/5/2024,1.73,7850
Colorado,08,CO,60-74 high-risk,454315,10/12/2024,2.45,11121
Colorado,08,CO,60-74 high-risk,454315,10/19/2024,3.28,14919
Colorado,08,CO,60-74 high-risk,454315,10/26/2024,4.22,19172
Colorado,08,CO,60-74 high-risk,454315,11/2/2024,5.23,23772
Colorado,08,CO,60-74 high-risk,454315,11/9/2024,6.29,28577
Colorado,08,CO,60-74 high-risk,454315,11/16/2024,7.36,33418
Colorado,08,CO,60-74 high-risk,454315,11/23/2024,8.39,38119
Colorado,08,CO,60-74 high-risk,454315,11/30/2024,9.36,42523
Colorado,08,CO,60-74 high-risk,454315,12/7/2024,10.24,46517
Colorado,08,CO,60-74 high-risk,454315,12/14/2024,11.01,50034
Colorado,08,CO,60-74 high-risk,454315,12/21/2024,11.68,53051
Colorado,08,CO,60-74 high-risk,454315,12/28/2024,12.23,55580
Colorado,08,CO,60-74 high-risk,454315,1/4/2025,12.69,57658
Colorado,08,CO,60-74 high-risk,454315,1/11/2025,13.06,59338
Colorado,08,CO,60-74 high-risk,454315,1/18/2025,13.36,60686
Colorado,08,CO,60-74 high-risk,454315,1/25/2025,13.60,61768
Colorado,08,CO,60-74 high-risk,454315,2/1/2025,13.79,62647
Colorado,08,CO,60-74 high-risk,454315,2/8/2025,13.95,63380
Colorado,08,CO,60-74 high-risk,454315,2/15/2025,14.09,64018
Colorado,08,CO,60-74 high-risk,454315,2/22/2025,14.22,64601
Colorado,08,CO,60-74 high-risk,454315,3/1/2025,14.34,65159
Colorado,08,CO,60-74 high-risk,454315,3/8/2025,14.46,65712
Colorado,08,CO,60-74 high-risk,454315,3/15/2025,14.59,66271
Colorado,08,CO,60-74 high-risk,454315,3/22/2025,14.71,66837
Colorado,08,CO,60-74 high-risk,454315,3/29/2025,14.84,67411
Colorado,08,CO,60-74 high-risk,454315,4/5/2025,14.96,67987
Colorado,08,CO,60-74 high-risk,454315,4/12/2025,15.09,68565
Colorado,08,CO,60-74 high-risk,454315,4/19/2025,15.22,69144
Colorado,08,CO,60-74 high-risk,454315,4/26/2025,15.35,69722
Colorado,08,CO,60-74 high-risk,454315,5/3/2025,15.47,70301
Colorado,08,CO,60-74 high-risk,454315,5/10/2025,15.60,70880
Colorado,08,CO,60-74 high-risk,454315,5/17/2025,15.73,71458
Colorado,08,CO,60-74 high-risk,454315,5/24/2025,15.86,72034
Colorado,08,CO,60-74 high-risk,454315,5/31/2025,15.98,72608
Colorado,08,CO,75+,353999,8/3/2024,0.00,0
Colorado,08,CO,75+,353999,8/10/2024,0.00,0
Colorado,08,CO,75+,353999,8/17/2024,0.00,0
Colorado,08,CO,75+,353999,8/24/2024,0.00,0
Colorado,08,CO,75+,353999,8/31/2024,0.00,0
Colorado,08,CO,75+,353999,9/7/2024,0.03,108
Colorado,08,CO,75+,353999,9/14/2024,0.34,1199
Colorado,08,CO,75+,353999,9/21/2024,0.76,2676
Colorado,08,CO,75+,353999,9/28/2024,1.30,4607
Colorado,08,CO,75+,353999,10/5/2024,1.99,7034
Colorado,08,CO,75+,353999,10/12/2024,2.81,9965
Colorado,08,CO,75+,353999,10/19/2024,3.78,13368
Colorado,08,CO,75+,353999,10/26/2024,4.85,17180
Colorado,08,CO,75+,353999,11/2/2024,6.02,21302
Colorado,08,CO,75+,353999,11/9/2024,7.23,25607
Colorado,08,CO,75+,353999,11/16/2024,8.46,29945
Colorado,08,CO,75+,353999,11/23/2024,9.65,34157
Colorado,08,CO,75+,353999,11/30/2024,10.76,38104
Colorado,08,CO,75+,353999,12/7/2024,11.77,41682
Colorado,08,CO,75+,353999,12/14/2024,12.66,44834
Colorado,08,CO,75+,353999,12/21/2024,13.43,47538
Colorado,08,CO,75+,353999,12/28/2024,14.07,49804
Colorado,08,CO,75+,353999,1/4/2025,14.59,51665
Colorado,08,CO,75+,353999,1/11/2025,15.02,53172
Colorado,08,CO,75+,353999,1/18/2025,15.36,54379
Colorado,08,CO,75+,353999,1/25/2025,15.64,55349
Colorado,08,CO,75+,353999,2/1/2025,15.86,56136
Colorado,08,CO,75+,353999,2/8/2025,16.04,56793
Colorado,08,CO,75+,353999,2/15/2025,16.20,57365
Colorado,08,CO,75+,353999,2/22/2025,16.35,57887
Colorado,08,CO,75+,353999,3/1/2025,16.49,58387
Colorado,08,CO,75+,353999,3/8/2025,16.63,58883
Colorado,08,CO,75+,353999,3/15/2025,16.77,59383
Colorado,08,CO,75+,353999,3/22/2025,16.92,59891
Colorado,08,CO,75+,353999,3/29/2025,17.06,60405
Colorado,08,CO,75+,353999,4/5/2025,17.21,60922
Colorado,08,CO,75+,353999,4/12/2025,17.36,61439
Colorado,08,CO,75+,353999,4/19/2025,17.50,61958
Colorado,08,CO,75+,353999,4/26/2025,17.65,62476
Colorado,08,CO,75+,353999,5/3/2025,17.80,62995
Colorado,08,CO,75+,353999,5/10/2025,17.94,63514
Colorado,08,CO,75+,353999,5/17/2025,18.09,64032
Colorado,08,CO,75+,353999,5/24/2025,18.23,64548
Colorado,08,CO,75+,353999,5/31/2025,18.38,65062
Connecticut,09,CT,60-74 high-risk,317755,8/3/2024,0.00,0
Connecticut,09,CT,60-74 high-risk,317755,8/10/2024,0.00,0
Connecticut,09,CT,60-74 high-risk,317755,8/17/2024,0.00,0
Connecticut,09,CT,60-74 high-risk,317755,8/24/2024,0.00,0
Connecticut,09,CT,60-74 high-risk,317755,8/31/2024,0.00,0
Connecticut,09,CT,60-74 high-risk,317755,9/7/2024,0.10,302
Connecticut,09,CT,60-74 high-risk,317755,9/14/2024,0.29,934
Connecticut,09,CT,60-74 high-risk,317755,9/21/2024,0.56,1767
Connecticut,09,CT,60-74 high-risk,317755,9/28/2024,0.90,2869
Connecticut,09,CT,60-74 high-risk,317755,10/5/2024,1.36,4311
Connecticut,09,CT,60-74 high-risk,317755,10/12/2024,1.94,6152
Connecticut,09,CT,60-74 high-risk,317755,10/19/2024,2.65,8419
Connecticut,09,CT,60-74 high-risk,317755,10/26/2024,3.49,11105
Connecticut,09,CT,60-74 high-risk,317755,11/2/2024,4.46,14170
Connecticut,09,CT,60-74 high-risk,317755,11/9/2024,5.52,17530
Connecticut,09,CT,60-74 high-risk,317755,11/16/2024,6.63,21068
Connecticut,09,CT,60-74 high-risk,317755,11/23/2024,7.75,24640
Connecticut,09,CT,60-74 high-risk,317755,11/30/2024,8.85,28108
Connecticut,09,CT,60-74 high-risk,317755,12/7/2024,9.87,31360
Connecticut,09,CT,60-74 high-risk,317755,12/14/2024,10.80,34316
Connecticut,09,CT,60-74 high-risk,317755,12/21/2024,11.62,36931
Connecticut,09,CT,60-74 high-risk,317755,12/28/2024,12.33,39190
Connecticut,09,CT,60-74 high-risk,317755,1/4/2025,12.93,41098
Connecticut,09,CT,60-74 high-risk,317755,1/11/2025,13.43,42677
Connecticut,09,CT,60-74 high-risk,317755,1/18/2025,13.83,43961
Connecticut,09,CT,60-74 high-risk,317755,1/25/2025,14.16,44986
Connecticut,09,CT,60-74 high-risk,317755,2/1/2025,14.41,45794
Connecticut,09,CT,60-74 high-risk,317755,2/8/2025,14.61,46421
Connecticut,09,CT,60-74 high-risk,317755,2/15/2025,14.76,46905
Connecticut,09,CT,60-74 high-risk,317755,2/22/2025,14.88,47279
Connecticut,09,CT,60-74 high-risk,317755,3/1/2025,14.97,47573
Connecticut,09,CT,60-74 high-risk,317755,3/8/2025,15.05,47817
Connecticut,09,CT,60-74 high-risk,317755,3/15/2025,15.12,48036
Connecticut,09,CT,60-74 high-risk,317755,3/22/2025,15.19,48257
Connecticut,09,CT,60-74 high-risk,317755,3/29/2025,15.26,48504
Connecticut,09,CT,60-74 high-risk,317755,4/5/2025,15.36,48799
Connecticut,09,CT,60-74 high-risk,317755,4/12/2025,15.47,49160
Connecticut,09,CT,60-74 high-risk,317755,4/19/2025,15.61,49604
Connecticut,09,CT,60-74 high-risk,317755,4/26/2025,15.78,50141
Connecticut,09,CT,60-74 high-risk,317755,5/3/2025,15.98,50772
Connecticut,09,CT,60-74 high-risk,317755,5/10/2025,16.20,51486
Connecticut,09,CT,60-74 high-risk,317755,5/17/2025,16.45,52262
Connecticut,09,CT,60-74 high-risk,317755,5/24/2025,16.70,53073
Connecticut,09,CT,60-74 high-risk,317755,5/31/2025,16.96,53896
Connecticut,09,CT,75+,283388,8/3/2024,0.00,0
Connecticut,09,CT,75+,283388,8/10/2024,0.00,0
Connecticut,09,CT,75+,283388,8/17/2024,0.00,0
Connecticut,09,CT,75+,283388,8/24/2024,0.00,0
Connecticut,09,CT,75+,283388,8/31/2024,0.00,0
Connecticut,09,CT,75+,283388,9/7/2024,0.11,310
Connecticut,09,CT,75+,283388,9/14/2024,0.34,958
Connecticut,09,CT,75+,283388,9/21/2024,0.64,1812
Connecticut,09,CT,75+,283388,9/28/2024,1.04,2942
Connecticut,09,CT,75+,283388,10/5/2024,1.56,4422
Connecticut,09,CT,75+,283388,10/12/2024,2.23,6310
Connecticut,09,CT,75+,283388,10/19/2024,3.05,8634
Connecticut,09,CT,75+,283388,10/26/2024,4.02,11390
Connecticut,09,CT,75+,283388,11/2/2024,5.13,14533
Connecticut,09,CT,75+,283388,11/9/2024,6.34,17980
Connecticut,09,CT,75+,283388,11/16/2024,7.62,21607
Connecticut,09,CT,75+,283388,11/23/2024,8.92,25271
Connecticut,09,CT,75+,283388,11/30/2024,10.17,28829
Connecticut,09,CT,75+,283388,12/7/2024,11.35,32163
Connecticut,09,CT,75+,283388,12/14/2024,12.42,35195
Connecticut,09,CT,75+,283388,12/21/2024,13.37,37877
Connecticut,09,CT,75+,283388,12/28/2024,14.18,40194
Connecticut,09,CT,75+,283388,1/4/2025,14.87,42151
Connecticut,09,CT,75+,283388,1/11/2025,15.45,43771
Connecticut,09,CT,75+,283388,1/18/2025,15.91,45087
Connecticut,09,CT,75+,283388,1/25/2025,16.28,46139
Connecticut,09,CT,75+,283388,2/1/2025,16.57,46967
Connecticut,09,CT,75+,283388,2/8/2025,16.80,47611
Connecticut,09,CT,75+,283388,2/15/2025,16.98,48107
Connecticut,09,CT,75+,283388,2/22/2025,17.11,48490
Connecticut,09,CT,75+,283388,3/1/2025,17.22,48792
Connecticut,09,CT,75+,283388,3/8/2025,17.31,49042
Connecticut,09,CT,75+,283388,3/15/2025,17.39,49267
Connecticut,09,CT,75+,283388,3/22/2025,17.47,49494
Connecticut,09,CT,75+,283388,3/29/2025,17.55,49747
Connecticut,09,CT,75+,283388,4/5/2025,17.66,50049
Connecticut,09,CT,75+,283388,4/12/2025,17.79,50420
Connecticut,09,CT,75+,283388,4/19/2025,17.95,50875
Connecticut,09,CT,75+,283388,4/26/2025,18.15,51426
Connecticut,09,CT,75+,283388,5/3/2025,18.37,52073
Connecticut,09,CT,75+,283388,5/10/2025,18.63,52805
Connecticut,09,CT,75+,283388,5/17/2025,18.91,53601
Connecticut,09,CT,75+,283388,5/24/2025,19.21,54432
Connecticut,09,CT,75+,283388,5/31/2025,19.51,55276
Georgia,13,GA,60-74 high-risk,820443,8/3/2024,0.00,0
Georgia,13,GA,60-74 high-risk,820443,8/10/2024,0.00,0
Georgia,13,GA,60-74 high-risk,820443,8/17/2024,0.00,0
Georgia,13,GA,60-74 high-risk,820443,8/24/2024,0.00,0
Georgia,13,GA,60-74 high-risk,820443,8/31/2024,0.00,0
Georgia,13,GA,60-74 high-risk,820443,9/7/2024,0.03,286
Georgia,13,GA,60-74 high-risk,820443,9/14/2024,0.24,1982
Georgia,13,GA,60-74 high-risk,820443,9/21/2024,0.52,4262
Georgia,13,GA,60-74 high-risk,820443,9/28/2024,0.88,7230
Georgia,13,GA,60-74 high-risk,820443,10/5/2024,1.33,10950
Georgia,13,GA,60-74 high-risk,820443,10/12/2024,1.88,15444
Georgia,13,GA,60-74 high-risk,820443,10/19/2024,2.52,20685
Georgia,13,GA,60-74 high-risk,820443,10/26/2024,3.24,26603
Georgia,13,GA,60-74 high-risk,820443,11/2/2024,4.03,33080
Georgia,13,GA,60-74 high-risk,820443,11/9/2024,4.87,39952
Georgia,13,GA,60-74 high-risk,820443,11/16/2024,5.73,47019
Georgia,13,GA,60-74 high-risk,820443,11/23/2024,6.59,54061
Georgia,13,GA,60-74 high-risk,820443,11/30/2024,7.42,60870
Georgia,13,GA,60-74 high-risk,820443,12/7/2024,8.20,67274
Georgia,13,GA,60-74 high-risk,820443,12/14/2024,8.92,73150
Georgia,13,GA,60-74 high-risk,820443,12/21/2024,9.56,78426
Georgia,13,GA,60-74 high-risk,820443,12/28/2024,10.13,83074
Georgia,13,GA,60-74 high-risk,820443,1/4/2025,10.62,87107
Georgia,13,GA,60-74 high-risk,820443,1/11/2025,11.04,90572
Georgia,13,GA,60-74 high-risk,820443,1/18/2025,11.40,93538
Georgia,13,GA,60-74 high-risk,820443,1/25/2025,11.71,96083
Georgia,13,GA,60-74 high-risk,820443,2/1/2025,11.98,98285
Georgia,13,GA,60-74 high-risk,820443,2/8/2025,12.21,100216
Georgia,13,GA,60-74 high-risk,820443,2/15/2025,12.42,101935
Georgia,13,GA,60-74 high-risk,820443,2/22/2025,12.61,103489
Georgia,13,GA,60-74 high-risk,820443,3/1/2025,12.79,104909
Georgia,13,GA,60-74 high-risk,820443,3/8/2025,12.95,106214
Georgia,13,GA,60-74 high-risk,820443,3/15/2025,13.09,107412
Georgia,13,GA,60-74 high-risk,820443,3/22/2025,13.22,108502
Georgia,13,GA,60-74 high-risk,820443,3/29/2025,13.34,109481
Georgia,13,GA,60-74 high-risk,820443,4/5/2025,13.45,110348
Georgia,13,GA,60-74 high-risk,820443,4/12/2025,13.54,111109
Georgia,13,GA,60-74 high-risk,820443,4/19/2025,13.62,111771
Georgia,13,GA,60-74 high-risk,820443,4/26/2025,13.69,112348
Georgia,13,GA,60-74 high-risk,820443,5/3/2025,13.76,112855
Georgia,13,GA,60-74 high-risk,820443,5/10/2025,13.81,113310
Georgia,13,GA,60-74 high-risk,820443,5/17/2025,13.86,113730
Georgia,13,GA,60-74 high-risk,820443,5/24/2025,13.91,114132
Georgia,13,GA,60-74 high-risk,820443,5/31/2025,13.96,114526
Georgia,13,GA,75+,650770,8/3/2024,0.00,0
Georgia,13,GA,75+,650770,8/10/2024,0.00,0
Georgia,13,GA,75+,650770,8/17/2024,0.00,0
Georgia,13,GA,75+,650770,8/24/2024,0.00,0
Georgia,13,GA,75+,650770,8/31/2024,0.00,0
Georgia,13,GA,75+,650770,9/7/2024,0.04,260
Georgia,13,GA,75+,650770,9/14/2024,0.28,1808
Georgia,13,GA,75+,650770,9/21/2024,0.60,3888
Georgia,13,GA,75+,650770,9/28/2024,1.01,6595
Georgia,13,GA,75+,650770,10/5/2024,1.53,9988
Georgia,13,GA,75+,650770,10/12/2024,2.16,14087
Georgia,13,GA,75+,650770,10/19/2024,2.90,18869
Georgia,13,GA,75+,650770,10/26/2024,3.73,24267
Georgia,13,GA,75+,650770,11/2/2024,4.64,30174
Georgia,13,GA,75+,650770,11/9/2024,5.60,36443
Georgia,13,GA,75+,650770,11/16/2024,6.59,42889
Georgia,13,GA,75+,650770,11/23/2024,7.58,49313
Georgia,13,GA,75+,650770,11/30/2024,8.53,55524
Georgia,13,GA,75+,650770,12/7/2024,9.43,61365
Georgia,13,GA,75+,650770,12/14/2024,10.25,66726
Georgia,13,GA,75+,650770,12/21/2024,10.99,71538
Georgia,13,GA,75+,650770,12/28/2024,11.64,75778
Georgia,13,GA,75+,650770,1/4/2025,12.21,79457
Georgia,13,GA,75+,650770,1/11/2025,12.70,82618
Georgia,13,GA,75+,650770,1/18/2025,13.11,85323
Georgia,13,GA,75+,650770,1/25/2025,13.47,87644
Georgia,13,GA,75+,650770,2/1/2025,13.78,89653
Georgia,13,GA,75+,650770,2/8/2025,14.05,91414
Georgia,13,GA,75+,650770,2/15/2025,14.29,92983
Georgia,13,GA,75+,650770,2/22/2025,14.51,94400
Georgia,13,GA,75+,650770,3/1/2025,14.70,95695
Georgia,13,GA,75+,650770,3/8/2025,14.89,96886
Georgia,13,GA,75+,650770,3/15/2025,15.06,97978
Georgia,13,GA,75+,650770,3/22/2025,15.21,98972
Georgia,13,GA,75+,650770,3/29/2025,15.35,99865
Georgia,13,GA,75+,650770,4/5/2025,15.47,100657
Georgia,13,GA,75+,650770,4/12/2025,15.57,101350
Georgia,13,GA,75+,650770,4/19/2025,15.67,101954
Georgia,13,GA,75+,650770,4/26/2025,15.75,102480
Georgia,13,GA,75+,650770,5/3/2025,15.82,102943
Georgia,13,GA,75+,650770,5/10/2025,15.88,103358
Georgia,13,GA,75+,650770,5/17/2025,15.94,103742
Georgia,13,GA,75+,650770,5/24/2025,16.00,104108
Georgia,13,GA,75+,650770,5/31/2025,16.05,104467
Maryland,24,MD,60-74 high-risk,506465.5,8/3/2024,0.00,0
Maryland,24,MD,60-74 high-risk,506465.5,8/10/2024,0.00,0
Maryland,24,MD,60-74 high-risk,506465.5,8/17/2024,0.00,0
Maryland,24,MD,60-74 high-risk,506465.5,8/24/2024,0.00,0
Maryland,24,MD,60-74 high-risk,506465.5,8/31/2024,0.00,0
Maryland,24,MD,60-74 high-risk,506465.5,9/7/2024,0.06,315
Maryland,24,MD,60-74 high-risk,506465.5,9/14/2024,0.33,1665
Maryland,24,MD,60-74 high-risk,506465.5,9/21/2024,0.69,3470
Maryland,24,MD,60-74 high-risk,506465.5,9/28/2024,1.15,5805
Maryland,24,MD,60-74 high-risk,506465.5,10/5/2024,1.72,8713
Maryland,24,MD,60-74 high-risk,506465.5,10/12/2024,2.41,12200
Maryland,24,MD,60-74 high-risk,506465.5,10/19/2024,3.21,16233
Maryland,24,MD,60-74 high-risk,506465.5,10/26/2024,4.10,20745
Maryland,24,MD,60-74 high-risk,506465.5,11/2/2024,5.06,25631
Maryland,24,MD,60-74 high-risk,506465.5,11/9/2024,6.07,30756
Maryland,24,MD,60-74 high-risk,506465.5,11/16/2024,7.10,35955
Maryland,24,MD,60-74 high-risk,506465.5,11/23/2024,8.11,41053
Maryland,24,MD,60-74 high-risk,506465.5,11/30/2024,9.06,45892
Maryland,24,MD,60-74 high-risk,506465.5,12/7/2024,9.94,50345
Maryland,24,MD,60-74 high-risk,506465.5,12/14/2024,10.73,54329
Maryland,24,MD,60-74 high-risk,506465.5,12/21/2024,11.41,57802
Maryland,24,MD,60-74 high-risk,506465.5,12/28/2024,12.00,60759
Maryland,24,MD,60-74 high-risk,506465.5,1/4/2025,12.48,63229
Maryland,24,MD,60-74 high-risk,506465.5,1/11/2025,12.89,65262
Maryland,24,MD,60-74 high-risk,506465.5,1/18/2025,13.21,66927
Maryland,24,MD,60-74 high-risk,506465.5,1/25/2025,13.49,68297
Maryland,24,MD,60-74 high-risk,506465.5,2/1/2025,13.71,69443
Maryland,24,MD,60-74 high-risk,506465.5,2/8/2025,13.91,70427
Maryland,24,MD,60-74 high-risk,506465.5,2/15/2025,14.08,71303
Maryland,24,MD,60-74 high-risk,506465.5,2/22/2025,14.24,72110
Maryland,24,MD,60-74 high-risk,506465.5,3/1/2025,14.39,72878
Maryland,24,MD,60-74 high-risk,506465.5,3/8/2025,14.54,73622
Maryland,24,MD,60-74 high-risk,506465.5,3/15/2025,14.68,74350
Maryland,24,MD,60-74 high-risk,506465.5,3/22/2025,14.82,75060
Maryland,24,MD,60-74 high-risk,506465.5,3/29/2025,14.96,75747
Maryland,24,MD,60-74 high-risk,506465.5,4/5/2025,15.09,76405
Maryland,24,MD,60-74 high-risk,506465.5,4/12/2025,15.21,77030
Maryland,24,MD,60-74 high-risk,506465.5,4/19/2025,15.33,77622
Maryland,24,MD,60-74 high-risk,506465.5,4/26/2025,15.44,78182
Maryland,24,MD,60-74 high-risk,506465.5,5/3/2025,15.54,78715
Maryland,24,MD,60-74 high-risk,506465.5,5/10/2025,15.64,79226
Maryland,24,MD,60-74 high-risk,506465.5,5/17/2025,15.74,79721
Maryland,24,MD,60-74 high-risk,506465.5,5/24/2025,15.84,80208
Maryland,24,MD,60-74 high-risk,506465.5,5/31/2025,15.93,80690
Maryland,24,MD,75+,435928,8/3/2024,0.00,0
Maryland,24,MD,75+,435928,8/10/2024,0.00,0
Maryland,24,MD,75+,435928,8/17/2024,0.00,0
Maryland,24,MD,75+,435928,8/24/2024,0.00,0
Maryland,24,MD,75+,435928,8/31/2024,0.00,0
Maryland,24,MD,75+,435928,9/7/2024,0.07,312
Maryland,24,MD,75+,435928,9/14/2024,0.38,1648
Maryland,24,MD,75+,435928,9/21/2024,0.79,3435
Maryland,24,MD,75+,435928,9/28/2024,1.32,5746
Maryland,24,MD,75+,435928,10/5/2024,1.98,8624
Maryland,24,MD,75+,435928,10/12/2024,2.77,12076
Maryland,24,MD,75+,435928,10/19/2024,3.69,16068
Maryland,24,MD,75+,435928,10/26/2024,4.71,20534
Maryland,24,MD,75+,435928,11/2/2024,5.82,25371
Maryland,24,MD,75+,435928,11/9/2024,6.98,30443
Maryland,24,MD,75+,435928,11/16/2024,8.16,35589
Maryland,24,MD,75+,435928,11/23/2024,9.32,40636
Maryland,24,MD,75+,435928,11/30/2024,10.42,45426
Maryland,24,MD,75+,435928,12/7/2024,11.43,49833
Maryland,24,MD,75+,435928,12/14/2024,12.34,53777
Maryland,24,MD,75+,435928,12/21/2024,13.12,57214
Maryland,24,MD,75+,435928,12/28/2024,13.80,60142
Maryland,24,MD,75+,435928,1/4/2025,14.36,62586
Maryland,24,MD,75+,435928,1/11/2025,14.82,64599
Maryland,24,MD,75+,435928,1/18/2025,15.20,66247
Maryland,24,MD,75+,435928,1/25/2025,15.51,67603
Maryland,24,MD,75+,435928,2/1/2025,15.77,68737
Maryland,24,MD,75+,435928,2/8/2025,15.99,69711
Maryland,24,MD,75+,435928,2/15/2025,16.19,70578
Maryland,24,MD,75+,435928,2/22/2025,16.37,71377
Maryland,24,MD,75+,435928,3/1/2025,16.55,72137
Maryland,24,MD,75+,435928,3/8/2025,16.72,72874
Maryland,24,MD,75+,435928,3/15/2025,16.88,73595
Maryland,24,MD,75+,435928,3/22/2025,17.04,74297
Maryland,24,MD,75+,435928,3/29/2025,17.20,74977
Maryland,24,MD,75+,435928,4/5/2025,17.35,75628
Maryland,24,MD,75+,435928,4/12/2025,17.49,76247
Maryland,24,MD,75+,435928,4/19/2025,17.63,76833
Maryland,24,MD,75+,435928,4/26/2025,17.75,77387
Maryland,24,MD,75+,435928,5/3/2025,17.87,77915
Maryland,24,MD,75+,435928,5/10/2025,17.99,78421
Maryland,24,MD,75+,435928,5/17/2025,18.10,78911
Maryland,24,MD,75+,435928,5/24/2025,18.21,79392
Maryland,24,MD,75+,435928,5/31/2025,18.32,79870
Michigan,26,MI,60-74 high-risk,908066,8/3/2024,0.00,0
Michigan,26,MI,60-74 high-risk,908066,8/10/2024,0.00,0
Michigan,26,MI,60-74 high-risk,908066,8/17/2024,0.00,0
Michigan,26,MI,60-74 high-risk,908066,8/24/2024,0.00,0
Michigan,26,MI,60-74 high-risk,908066,8/31/2024,0.00,0
Michigan,26,MI,60-74 high-risk,908066,9/7/2024,0.04,343
Michigan,26,MI,60-74 high-risk,908066,9/14/2024,0.28,2515
Michigan,26,MI,60-74 high-risk,908066,9/21/2024,0.60,5442
Michigan,26,MI,60-74 high-risk,908066,9/28/2024,1.02,9273
Michigan,26,MI,60-74 high-risk,908066,10/5/2024,1.55,14118
Michigan,26,MI,60-74 high-risk,908066,10/12/2024,2.21,20025
Michigan,26,MI,60-74 high-risk,908066,10/19/2024,2.97,26978
Michigan,26,MI,60-74 high-risk,908066,10/26/2024,3.84,34881
Michigan,26,MI,60-74 high-risk,908066,11/2/2024,4.80,43568
Michigan,26,MI,60-74 high-risk,908066,11/9/2024,5.81,52795
Michigan,26,MI,60-74 high-risk,908066,11/16/2024,6.86,62252
Michigan,26,MI,60-74 high-risk,908066,11/23/2024,7.88,71600
Michigan,26,MI,60-74 high-risk,908066,11/30/2024,8.87,80518
Michigan,26,MI,60-74 high-risk,908066,12/7/2024,9.77,88749
Michigan,26,MI,60-74 high-risk,908066,12/14/2024,10.59,96119
Michigan,26,MI,60-74 high-risk,908066,12/21/2024,11.29,102538
Michigan,26,MI,60-74 high-risk,908066,12/28/2024,11.89,107985
Michigan,26,MI,60-74 high-risk,908066,1/4/2025,12.39,112507
Michigan,26,MI,60-74 high-risk,908066,1/11/2025,12.80,116197
Michigan,26,MI,60-74 high-risk,908066,1/18/2025,13.12,119179
Michigan,26,MI,60-74 high-risk,908066,1/25/2025,13.39,121589
Michigan,26,MI,60-74 high-risk,908066,2/1/2025,13.61,123554
Michigan,26,MI,60-74 high-risk,908066,2/8/2025,13.79,125191
Michigan,26,MI,60-74 high-risk,908066,2/15/2025,13.94,126591
Michigan,26,MI,60-74 high-risk,908066,2/22/2025,14.08,127827
Michigan,26,MI,60-74 high-risk,908066,3/1/2025,14.20,128953
Michigan,26,MI,60-74 high-risk,908066,3/8/2025,14.32,130003
Michigan,26,MI,60-74 high-risk,908066,3/15/2025,14.43,130999
Michigan,26,MI,60-74 high-risk,908066,3/22/2025,14.53,131953
Michigan,26,MI,60-74 high-risk,908066,3/29/2025,14.63,132869
Michigan,26,MI,60-74 high-risk,908066,4/5/2025,14.73,133748
Michigan,26,MI,60-74 high-risk,908066,4/12/2025,14.82,134592
Michigan,26,MI,60-74 high-risk,908066,4/19/2025,14.91,135400
Michigan,26,MI,60-74 high-risk,908066,4/26/2025,15.00,136175
Michigan,26,MI,60-74 high-risk,908066,5/3/2025,15.08,136921
Michigan,26,MI,60-74 high-risk,908066,5/10/2025,15.16,137642
Michigan,26,MI,60-74 high-risk,908066,5/17/2025,15.24,138346
Michigan,26,MI,60-74 high-risk,908066,5/24/2025,15.31,139041
Michigan,26,MI,60-74 high-risk,908066,5/31/2025,15.39,139731
Michigan,26,MI,75+,757054,8/3/2024,0.00,0
Michigan,26,MI,75+,757054,8/10/2024,0.00,0
Michigan,26,MI,75+,757054,8/17/2024,0.00,0
Michigan,26,MI,75+,757054,8/24/2024,0.00,0
Michigan,26,MI,75+,757054,8/31/2024,0.00,0
Michigan,26,MI,75+,757054,9/7/2024,0.04,328
Michigan,26,MI,75+,757054,9/14/2024,0.32,2411
Michigan,26,MI,75+,757054,9/21/2024,0.69,5218
Michigan,26,MI,75+,757054,9/28/2024,1.17,8891
Michigan,26,MI,75+,757054,10/5/2024,1.79,13535
Michigan,26,MI,75+,757054,10/12/2024,2.54,19200
Michigan,26,MI,75+,757054,10/19/2024,3.42,25865
Michigan,26,MI,75+,757054,10/26/2024,4.42,33443
Michigan,26,MI,75+,757054,11/2/2024,5.52,41771
Michigan,26,MI,75+,757054,11/9/2024,6.69,50617
Michigan,26,MI,75+,757054,11/16/2024,7.88,59685
Michigan,26,MI,75+,757054,11/23/2024,9.07,68647
Michigan,26,MI,75+,757054,11/30/2024,10.20,77197
Michigan,26,MI,75+,757054,12/7/2024,11.24,85088
Michigan,26,MI,75+,757054,12/14/2024,12.17,92155
Michigan,26,MI,75+,757054,12/21/2024,12.99,98309
Michigan,26,MI,75+,757054,12/28/2024,13.68,103531
Michigan,26,MI,75+,757054,1/4/2025,14.25,107866
Michigan,26,MI,75+,757054,1/11/2025,14.72,111404
Michigan,26,MI,75+,757054,1/18/2025,15.09,114263
Michigan,26,MI,75+,757054,1/25/2025,15.40,116573
Michigan,26,MI,75+,757054,2/1/2025,15.65,118458
Michigan,26,MI,75+,757054,2/8/2025,15.85,120027
Michigan,26,MI,75+,757054,2/15/2025,16.03,121370
Michigan,26,MI,75+,757054,2/22/2025,16.19,122555
Michigan,26,MI,75+,757054,3/1/2025,16.33,123634
Michigan,26,MI,75+,757054,3/8/2025,16.46,124641
Michigan,26,MI,75+,757054,3/15/2025,16.59,125596
Michigan,26,MI,75+,757054,3/22/2025,16.71,126510
Michigan,26,MI,75+,757054,3/29/2025,16.83,127388
Michigan,26,MI,75+,757054,4/5/2025,16.94,128232
Michigan,26,MI,75+,757054,4/12/2025,17.05,129040
Michigan,26,MI,75+,757054,4/19/2025,17.15,129815
Michigan,26,MI,75+,757054,4/26/2025,17.25,130558
Michigan,26,MI,75+,757054,5/3/2025,17.34,131273
Michigan,26,MI,75+,757054,5/10/2025,17.43,131965
Michigan,26,MI,75+,757054,5/17/2025,17.52,132640
Michigan,26,MI,75+,757054,5/24/2025,17.61,133306
Michigan,26,MI,75+,757054,5/31/2025,17.70,133967
Minnesota,27,MN,60-74 high-risk,481959,8/3/2024,0.00,0
Minnesota,27,MN,60-74 high-risk,481959,8/10/2024,0.00,0
Minnesota,27,MN,60-74 high-risk,481959,8/17/2024,0.00,0
Minnesota,27,MN,60-74 high-risk,481959,8/24/2024,0.00,0
Minnesota,27,MN,60-74 high-risk,481959,8/31/2024,0.00,0
Minnesota,27,MN,60-74 high-risk,481959,9/7/2024,0.00,0
Minnesota,27,MN,60-74 high-risk,481959,9/14/2024,0.18,883
Minnesota,27,MN,60-74 high-risk,481959,9/21/2024,0.50,2401
Minnesota,27,MN,60-74 high-risk,481959,9/28/2024,0.92,4432
Minnesota,27,MN,60-74 high-risk,481959,10/5/2024,1.46,7041
Minnesota,27,MN,60-74 high-risk,481959,10/12/2024,2.13,10258
Minnesota,27,MN,60-74 high-risk,481959,10/19/2024,2.92,14071
Minnesota,27,MN,60-74 high-risk,481959,10/26/2024,3.82,18428
Minnesota,27,MN,60-74 high-risk,481959,11/2/2024,4.82,23235
Minnesota,27,MN,60-74 high-risk,481959,11/9/2024,5.88,28356
Minnesota,27,MN,60-74 high-risk,481959,11/16/2024,6.97,33615
Minnesota,27,MN,60-74 high-risk,481959,11/23/2024,8.05,38822
Minnesota,27,MN,60-74 high-risk,481959,11/30/2024,9.09,43793
Minnesota,27,MN,60-74 high-risk,481959,12/7/2024,10.04,48382
Minnesota,27,MN,60-74 high-risk,481959,12/14/2024,10.89,52486
Minnesota,27,MN,60-74 high-risk,481959,12/21/2024,11.63,56047
Minnesota,27,MN,60-74 high-risk,481959,12/28/2024,12.25,59048
Minnesota,27,MN,60-74 high-risk,481959,1/4/2025,12.76,61512
Minnesota,27,MN,60-74 high-risk,481959,1/11/2025,13.17,63487
Minnesota,27,MN,60-74 high-risk,481959,1/18/2025,13.50,65042
Minnesota,27,MN,60-74 high-risk,481959,1/25/2025,13.75,66253
Minnesota,27,MN,60-74 high-risk,481959,2/1/2025,13.94,67193
Minnesota,27,MN,60-74 high-risk,481959,2/8/2025,14.10,67934
Minnesota,27,MN,60-74 high-risk,481959,2/15/2025,14.22,68534
Minnesota,27,MN,60-74 high-risk,481959,2/22/2025,14.33,69043
Minnesota,27,MN,60-74 high-risk,481959,3/1/2025,14.42,69499
Minnesota,27,MN,60-74 high-risk,481959,3/8/2025,14.51,69928
Minnesota,27,MN,60-74 high-risk,481959,3/15/2025,14.60,70348
Minnesota,27,MN,60-74 high-risk,481959,3/22/2025,14.68,70766
Minnesota,27,MN,60-74 high-risk,481959,3/29/2025,14.77,71185
Minnesota,27,MN,60-74 high-risk,481959,4/5/2025,14.86,71606
Minnesota,27,MN,60-74 high-risk,481959,4/12/2025,14.94,72026
Minnesota,27,MN,60-74 high-risk,481959,4/19/2025,15.03,72443
Minnesota,27,MN,60-74 high-risk,481959,4/26/2025,15.12,72856
Minnesota,27,MN,60-74 high-risk,481959,5/3/2025,15.20,73262
Minnesota,27,MN,60-74 high-risk,481959,5/10/2025,15.28,73662
Minnesota,27,MN,60-74 high-risk,481959,5/17/2025,15.37,74057
Minnesota,27,MN,60-74 high-risk,481959,5/24/2025,15.45,74447
Minnesota,27,MN,60-74 high-risk,481959,5/31/2025,15.53,74835
Minnesota,27,MN,75+,412815,8/3/2024,0.00,0
Minnesota,27,MN,75+,412815,8/10/2024,0.00,0
Minnesota,27,MN,75+,412815,8/17/2024,0.00,0
Minnesota,27,MN,75+,412815,8/24/2024,0.00,0
Minnesota,27,MN,75+,412815,8/31/2024,0.00,0
Minnesota,27,MN,75+,412815,9/7/2024,0.00,0
Minnesota,27,MN,75+,412815,9/14/2024,0.21,870
Minnesota,27,MN,75+,412815,9/21/2024,0.57,2365
Minnesota,27,MN,75+,412815,9/28/2024,1.06,4366
Minnesota,27,MN,75+,412815,10/5/2024,1.68,6936
Minnesota,27,MN,75+,412815,10/12/2024,2.45,10104
Minnesota,27,MN,75+,412815,10/19/2024,3.36,13860
Minnesota,27,MN,75+,412815,10/26/2024,4.40,18152
Minnesota,27,MN,75+,412815,11/2/2024,5.54,22887
Minnesota,27,MN,75+,412815,11/9/2024,6.77,27931
Minnesota,27,MN,75+,412815,11/16/2024,8.02,33111
Minnesota,27,MN,75+,412815,11/23/2024,9.26,38240
Minnesota,27,MN,75+,412815,11/30/2024,10.45,43137
Minnesota,27,MN,75+,412815,12/7/2024,11.54,47657
Minnesota,27,MN,75+,412815,12/14/2024,12.52,51699
Minnesota,27,MN,75+,412815,12/21/2024,13.37,55207
Minnesota,27,MN,75+,412815,12/28/2024,14.09,58164
Minnesota,27,MN,75+,412815,1/4/2025,14.68,60590
Minnesota,27,MN,75+,412815,1/11/2025,15.15,62536
Minnesota,27,MN,75+,412815,1/18/2025,15.52,64068
Minnesota,27,MN,75+,412815,1/25/2025,15.81,65260
Minnesota,27,MN,75+,412815,2/1/2025,16.03,66187
Minnesota,27,MN,75+,412815,2/8/2025,16.21,66916
Minnesota,27,MN,75+,412815,2/15/2025,16.35,67507
Minnesota,27,MN,75+,412815,2/22/2025,16.47,68009
Minnesota,27,MN,75+,412815,3/1/2025,16.58,68458
Minnesota,27,MN,75+,412815,3/8/2025,16.69,68881
Minnesota,27,MN,75+,412815,3/15/2025,16.79,69294
Minnesota,27,MN,75+,412815,3/22/2025,16.89,69705
Minnesota,27,MN,75+,412815,3/29/2025,16.99,70119
Minnesota,27,MN,75+,412815,4/5/2025,17.09,70533
Minnesota,27,MN,75+,412815,4/12/2025,17.19,70947
Minnesota,27,MN,75+,412815,4/19/2025,17.29,71358
Minnesota,27,MN,75+,412815,4/26/2025,17.38,71764
Minnesota,27,MN,75+,412815,5/3/2025,17.48,72164
Minnesota,27,MN,75+,412815,5/10/2025,17.58,72559
Minnesota,27,MN,75+,412815,5/17/2025,17.67,72947
Minnesota,27,MN,75+,412815,5/24/2025,17.76,73332
Minnesota,27,MN,75+,412815,5/31/2025,17.86,73714
New Mexico,35,NM,60-74 high-risk,187450,8/3/2024,0.00,0
New Mexico,35,NM,60-74 high-risk,187450,8/10/2024,0.00,0
New Mexico,35,NM,60-74 high-risk,187450,8/17/2024,0.00,0
New Mexico,35,NM,60-74 high-risk,187450,8/24/2024,0.00,0
New Mexico,35,NM,60-74 high-risk,187450,8/31/2024,0.00,0
New Mexico,35,NM,60-74 high-risk,187450,9/7/2024,0.04,75
New Mexico,35,NM,60-74 high-risk,187450,9/14/2024,0.27,506
New Mexico,35,NM,60-74 high-risk,187450,9/21/2024,0.58,1085
New Mexico,35,NM,60-74 high-risk,187450,9/28/2024,0.98,1839
New Mexico,35,NM,60-74 high-risk,187450,10/5/2024,1.48,2783
New Mexico,35,NM,60-74 high-risk,187450,10/12/2024,2.09,3923
New Mexico,35,NM,60-74 high-risk,187450,10/19/2024,2.80,5251
New Mexico,35,NM,60-74 high-risk,187450,10/26/2024,3.60,6747
New Mexico,35,NM,60-74 high-risk,187450,11/2/2024,4.47,8379
New Mexico,35,NM,60-74 high-risk,187450,11/9/2024,5.39,10105
New Mexico,35,NM,60-74 high-risk,187450,11/16/2024,6.33,11870
New Mexico,35,NM,60-74 high-risk,187450,11/23/2024,7.26,13615
New Mexico,35,NM,60-74 high-risk,187450,11/30/2024,8.15,15285
New Mexico,35,NM,60-74 high-risk,187450,12/7/2024,8.98,16834
New Mexico,35,NM,60-74 high-risk,187450,12/14/2024,9.72,18229
New Mexico,35,NM,60-74 high-risk,187450,12/21/2024,10.38,19454
New Mexico,35,NM,60-74 high-risk,187450,12/28/2024,10.94,20500
New Mexico,35,NM,60-74 high-risk,187450,1/4/2025,11.40,21377
New Mexico,35,NM,60-74 high-risk,187450,1/11/2025,11.79,22100
New Mexico,35,NM,60-74 high-risk,187450,1/18/2025,12.11,22693
New Mexico,35,NM,60-74 high-risk,187450,1/25/2025,12.37,23181
New Mexico,35,NM,60-74 high-risk,187450,2/1/2025,12.58,23590
New Mexico,35,NM,60-74 high-risk,187450,2/8/2025,12.77,23941
New Mexico,35,NM,60-74 high-risk,187450,2/15/2025,12.94,24251
New Mexico,35,NM,60-74 high-risk,187450,2/22/2025,13.09,24535
New Mexico,35,NM,60-74 high-risk,187450,3/1/2025,13.23,24801
New Mexico,35,NM,60-74 high-risk,187450,3/8/2025,13.37,25057
New Mexico,35,NM,60-74 high-risk,187450,3/15/2025,13.50,25307
New Mexico,35,NM,60-74 high-risk,187450,3/22/2025,13.63,25553
New Mexico,35,NM,60-74 high-risk,187450,3/29/2025,13.76,25797
New Mexico,35,NM,60-74 high-risk,187450,4/5/2025,13.89,26038
New Mexico,35,NM,60-74 high-risk,187450,4/12/2025,14.02,26277
New Mexico,35,NM,60-74 high-risk,187450,4/19/2025,14.14,26510
New Mexico,35,NM,60-74 high-risk,187450,4/26/2025,14.26,26738
New Mexico,35,NM,60-74 high-risk,187450,5/3/2025,14.38,26959
New Mexico,35,NM,60-74 high-risk,187450,5/10/2025,14.50,27175
New Mexico,35,NM,60-74 high-risk,187450,5/17/2025,14.61,27385
New Mexico,35,NM,60-74 high-risk,187450,5/24/2025,14.72,27593
New Mexico,35,NM,60-74 high-risk,187450,5/31/2025,14.83,27800
New Mexico,35,NM,75+,164966,8/3/2024,0.00,0
New Mexico,35,NM,75+,164966,8/10/2024,0.00,0
New Mexico,35,NM,75+,164966,8/17/2024,0.00,0
New Mexico,35,NM,75+,164966,8/24/2024,0.00,0
New Mexico,35,NM,75+,164966,8/31/2024,0.00,0
New Mexico,35,NM,75+,164966,9/7/2024,0.05,76
New Mexico,35,NM,75+,164966,9/14/2024,0.31,512
New Mexico,35,NM,75+,164966,9/21/2024,0.67,1098
New Mexico,35,NM,75+,164966,9/28/2024,1.13,1861
New Mexico,35,NM,75+,164966,10/5/2024,1.71,2817
New Mexico,35,NM,75+,164966,10/12/2024,2.41,3970
New Mexico,35,NM,75+,164966,10/19/2024,3.22,5314
New Mexico,35,NM,75+,164966,10/26/2024,4.14,6828
New Mexico,35,NM,75+,164966,11/2/2024,5.14,8481
New Mexico,35,NM,75+,164966,11/9/2024,6.20,10227
New Mexico,35,NM,75+,164966,11/16/2024,7.28,12013
New Mexico,35,NM,75+,164966,11/23/2024,8.35,13779
New Mexico,35,NM,75+,164966,11/30/2024,9.38,15469
New Mexico,35,NM,75+,164966,12/7/2024,10.33,17037
New Mexico,35,NM,75+,164966,12/14/2024,11.18,18449
New Mexico,35,NM,75+,164966,12/21/2024,11.93,19688
New Mexico,35,NM,75+,164966,12/28/2024,12.58,20748
New Mexico,35,NM,75+,164966,1/4/2025,13.11,21635
New Mexico,35,NM,75+,164966,1/11/2025,13.56,22367
New Mexico,35,NM,75+,164966,1/18/2025,13.92,22967
New Mexico,35,NM,75+,164966,1/25/2025,14.22,23461
New Mexico,35,NM,75+,164966,2/1/2025,14.47,23874
New Mexico,35,NM,75+,164966,2/8/2025,14.69,24229
New Mexico,35,NM,75+,164966,2/15/2025,14.88,24544
New Mexico,35,NM,75+,164966,2/22/2025,15.05,24830
New Mexico,35,NM,75+,164966,3/1/2025,15.22,25100
New Mexico,35,NM,75+,164966,3/8/2025,15.37,25359
New Mexico,35,NM,75+,164966,3/15/2025,15.53,25612
New Mexico,35,NM,75+,164966,3/22/2025,15.68,25861
New Mexico,35,NM,75+,164966,3/29/2025,15.83,26108
New Mexico,35,NM,75+,164966,4/5/2025,15.97,26352
New Mexico,35,NM,75+,164966,4/12/2025,16.12,26594
New Mexico,35,NM,75+,164966,4/19/2025,16.26,26830
New Mexico,35,NM,75+,164966,4/26/2025,16.40,27060
New Mexico,35,NM,75+,164966,5/3/2025,16.54,27284
New Mexico,35,NM,75+,164966,5/10/2025,16.67,27502
New Mexico,35,NM,75+,164966,5/17/2025,16.80,27716
New Mexico,35,NM,75+,164966,5/24/2025,16.93,27926
New Mexico,35,NM,75+,164966,5/31/2025,17.06,28135
New York,36,NY,60-74 high-risk,1664647.5,8/3/2024,0.00,0
New York,36,NY,60-74 high-risk,1664647.5,8/10/2024,0.00,0
New York,36,NY,60-74 high-risk,1664647.5,8/17/2024,0.00,0
New York,36,NY,60-74 high-risk,1664647.5,8/24/2024,0.00,0
New York,36,NY,60-74 high-risk,1664647.5,8/31/2024,0.00,0
New York,36,NY,60-74 high-risk,1664647.5,9/7/2024,0.04,733
New York,36,NY,60-74 high-risk,1664647.5,9/14/2024,0.28,4654
New York,36,NY,60-74 high-risk,1664647.5,9/21/2024,0.60,9917
New York,36,NY,60-74 high-risk,1664647.5,9/28/2024,1.01,16753
New York,36,NY,60-74 high-risk,1664647.5,10/5/2024,1.52,25295
New York,36,NY,60-74 high-risk,1664647.5,10/12/2024,2.14,35564
New York,36,NY,60-74 high-risk,1664647.5,10/19/2024,2.85,47475
New York,36,NY,60-74 high-risk,1664647.5,10/26/2024,3.65,60836
New York,36,NY,60-74 high-risk,1664647.5,11/2/2024,4.53,75353
New York,36,NY,60-74 high-risk,1664647.5,11/9/2024,5.45,90640
New York,36,NY,60-74 high-risk,1664647.5,11/16/2024,6.38,106229
New York,36,NY,60-74 high-risk,1664647.5,11/23/2024,7.31,121620
New York,36,NY,60-74 high-risk,1664647.5,11/30/2024,8.19,136347
New York,36,NY,60-74 high-risk,1664647.5,12/7/2024,9.01,150040
New York,36,NY,60-74 high-risk,1664647.5,12/14/2024,9.76,162445
New York,36,NY,60-74 high-risk,1664647.5,12/21/2024,10.42,173425
New York,36,NY,60-74 high-risk,1664647.5,12/28/2024,10.99,182953
New York,36,NY,60-74 high-risk,1664647.5,1/4/2025,11.48,191101
New York,36,NY,60-74 high-risk,1664647.5,1/11/2025,11.90,198017
New York,36,NY,60-74 high-risk,1664647.5,1/18/2025,12.25,203900
New York,36,NY,60-74 high-risk,1664647.5,1/25/2025,12.55,208967
New York,36,NY,60-74 high-risk,1664647.5,2/1/2025,12.82,213426
New York,36,NY,60-74 high-risk,1664647.5,2/8/2025,13.06,217458
New York,36,NY,60-74 high-risk,1664647.5,2/15/2025,13.29,221207
New York,36,NY,60-74 high-risk,1664647.5,2/22/2025,13.50,224773
New York,36,NY,60-74 high-risk,1664647.5,3/1/2025,13.71,228214
New York,36,NY,60-74 high-risk,1664647.5,3/8/2025,13.91,231546
New York,36,NY,60-74 high-risk,1664647.5,3/15/2025,14.10,234750
New York,36,NY,60-74 high-risk,1664647.5,3/22/2025,14.28,237785
New York,36,NY,60-74 high-risk,1664647.5,3/29/2025,14.45,240612
New York,36,NY,60-74 high-risk,1664647.5,4/5/2025,14.61,243208
New York,36,NY,60-74 high-risk,1664647.5,4/12/2025,14.75,245579
New York,36,NY,60-74 high-risk,1664647.5,4/19/2025,14.88,247754
New York,36,NY,60-74 high-risk,1664647.5,4/26/2025,15.00,249772
New York,36,NY,60-74 high-risk,1664647.5,5/3/2025,15.12,251676
New York,36,NY,60-74 high-risk,1664647.5,5/10/2025,15.23,253505
New York,36,NY,60-74 high-risk,1664647.5,5/17/2025,15.34,255287
New York,36,NY,60-74 high-risk,1664647.5,5/24/2025,15.44,257043
New York,36,NY,60-74 high-risk,1664647.5,5/31/2025,15.55,258787
New York,36,NY,75+,1534744,8/3/2024,0.00,0
New York,36,NY,75+,1534744,8/10/2024,0.00,0
New York,36,NY,75+,1534744,8/17/2024,0.00,0
New York,36,NY,75+,1534744,8/24/2024,0.00,0
New York,36,NY,75+,1534744,8/31/2024,0.00,0
New York,36,NY,75+,1534744,9/7/2024,0.05,777
New York,36,NY,75+,1534744,9/14/2024,0.32,4935
New York,36,NY,75+,1534744,9/21/2024,0.69,10515
New York,36,NY,75+,1534744,9/28/2024,1.16,17763
New York,36,NY,75+,1534744,10/5/2024,1.75,26819
New York,36,NY,75+,1534744,10/12/2024,2.46,37707
New York,36,NY,75+,1534744,10/19/2024,3.28,50336
New York,36,NY,75+,1534744,10/26/2024,4.20,64501
New York,36,NY,75+,1534744,11/2/2024,5.21,79894
New York,36,NY,75+,1534744,11/9/2024,6.26,96102
New York,36,NY,75+,1534744,11/16/2024,7.34,112630
New York,36,NY,75+,1534744,11/23/2024,8.40,128948
New York,36,NY,75+,1534744,11/30/2024,9.42,144563
New York,36,NY,75+,1534744,12/7/2024,10.37,159081
New York,36,NY,75+,1534744,12/14/2024,11.22,172233
New York,36,NY,75+,1534744,12/21/2024,11.98,183875
New York,36,NY,75+,1534744,12/28/2024,12.64,193978
New York,36,NY,75+,1534744,1/4/2025,13.20,202616
New York,36,NY,75+,1534744,1/11/2025,13.68,209949
New York,36,NY,75+,1534744,1/18/2025,14.09,216186
New York,36,NY,75+,1534744,1/25/2025,14.44,221558
New York,36,NY,75+,1534744,2/1/2025,14.74,226286
New York,36,NY,75+,1534744,2/8/2025,15.02,230561
New York,36,NY,75+,1534744,2/15/2025,15.28,234536
New York,36,NY,75+,1534744,2/22/2025,15.53,238317
New York,36,NY,75+,1534744,3/1/2025,15.77,241965
New York,36,NY,75+,1534744,3/8/2025,16.00,245498
New York,36,NY,75+,1534744,3/15/2025,16.22,248895
New York,36,NY,75+,1534744,3/22/2025,16.43,252114
New York,36,NY,75+,1534744,3/29/2025,16.62,255111
New York,36,NY,75+,1534744,4/5/2025,16.80,257863
New York,36,NY,75+,1534744,4/12/2025,16.97,260378
New York,36,NY,75+,1534744,4/19/2025,17.12,262683
New York,36,NY,75+,1534744,4/26/2025,17.26,264822
New York,36,NY,75+,1534744,5/3/2025,17.39,266842
New York,36,NY,75+,1534744,5/10/2025,17.51,268781
New York,36,NY,75+,1534744,5/17/2025,17.64,270670
New York,36,NY,75+,1534744,5/24/2025,17.76,272531
New York,36,NY,75+,1534744,5/31/2025,17.88,274381
Oregon,41,OR,60-74 high-risk,375292,8/3/2024,0.00,0
Oregon,41,OR,60-74 high-risk,375292,8/10/2024,0.00,0
Oregon,41,OR,60-74 high-risk,375292,8/17/2024,0.00,0
Oregon,41,OR,60-74 high-risk,375292,8/24/2024,0.00,0
Oregon,41,OR,60-74 high-risk,375292,8/31/2024,0.00,0
Oregon,41,OR,60-74 high-risk,375292,9/7/2024,0.08,293
Oregon,41,OR,60-74 high-risk,375292,9/14/2024,0.29,1083
Oregon,41,OR,60-74 high-risk,375292,9/21/2024,0.57,2126
Oregon,41,OR,60-74 high-risk,375292,9/28/2024,0.93,3483
Oregon,41,OR,60-74 high-risk,375292,10/5/2024,1.39,5199
Oregon,41,OR,60-74 high-risk,375292,10/12/2024,1.95,7307
Oregon,41,OR,60-74 high-risk,375292,10/19/2024,2.61,9809
Oregon,41,OR,60-74 high-risk,375292,10/26/2024,3.38,12683
Oregon,41,OR,60-74 high-risk,375292,11/2/2024,4.23,15874
Oregon,41,OR,60-74 high-risk,375292,11/9/2024,5.14,19299
Oregon,41,OR,60-74 high-risk,375292,11/16/2024,6.09,22847
Oregon,41,OR,60-74 high-risk,375292,11/23/2024,7.03,26391
Oregon,41,OR,60-74 high-risk,375292,11/30/2024,7.94,29806
Oregon,41,OR,60-74 high-risk,375292,12/7/2024,8.79,32991
Oregon,41,OR,60-74 high-risk,375292,12/14/2024,9.56,35873
Oregon,41,OR,60-74 high-risk,375292,12/21/2024,10.23,38408
Oregon,41,OR,60-74 high-risk,375292,12/28/2024,10.81,40582
Oregon,41,OR,60-74 high-risk,375292,1/4/2025,11.30,42405
Oregon,41,OR,60-74 high-risk,375292,1/11/2025,11.70,43909
Oregon,41,OR,60-74 high-risk,375292,1/18/2025,12.03,45141
Oregon,41,OR,60-74 high-risk,375292,1/25/2025,12.30,46151
Oregon,41,OR,60-74 high-risk,375292,2/1/2025,12.52,46988
Oregon,41,OR,60-74 high-risk,375292,2/8/2025,12.71,47696
Oregon,41,OR,60-74 high-risk,375292,2/15/2025,12.87,48309
Oregon,41,OR,60-74 high-risk,375292,2/22/2025,13.02,48856
Oregon,41,OR,60-74 high-risk,375292,3/1/2025,13.15,49355
Oregon,41,OR,60-74 high-risk,375292,3/8/2025,13.28,49820
Oregon,41,OR,60-74 high-risk,375292,3/15/2025,13.39,50261
Oregon,41,OR,60-74 high-risk,375292,3/22/2025,13.50,50682
Oregon,41,OR,60-74 high-risk,375292,3/29/2025,13.61,51088
Oregon,41,OR,60-74 high-risk,375292,4/5/2025,13.72,51481
Oregon,41,OR,60-74 high-risk,375292,4/12/2025,13.82,51863
Oregon,41,OR,60-74 high-risk,375292,4/19/2025,13.92,52236
Oregon,41,OR,60-74 high-risk,375292,4/26/2025,14.02,52601
Oregon,41,OR,60-74 high-risk,375292,5/3/2025,14.11,52960
Oregon,41,OR,60-74 high-risk,375292,5/10/2025,14.21,53314
Oregon,41,OR,60-74 high-risk,375292,5/17/2025,14.30,53665
Oregon,41,OR,60-74 high-risk,375292,5/24/2025,14.39,54012
Oregon,41,OR,60-74 high-risk,375292,5/31/2025,14.48,54358
Oregon,41,OR,75+,329709,8/3/2024,0.00,0
Oregon,41,OR,75+,329709,8/10/2024,0.00,0
Oregon,41,OR,75+,329709,8/17/2024,0.00,0
Oregon,41,OR,75+,329709,8/24/2024,0.00,0
Oregon,41,OR,75+,329709,8/31/2024,0.00,0
Oregon,41,OR,75+,329709,9/7/2024,0.09,296
Oregon,41,OR,75+,329709,9/14/2024,0.33,1094
Oregon,41,OR,75+,329709,9/21/2024,0.65,2148
Oregon,41,OR,75+,329709,9/28/2024,1.07,3518
Oregon,41,OR,75+,329709,10/5/2024,1.59,5253
Oregon,41,OR,75+,329709,10/12/2024,2.24,7382
Oregon,41,OR,75+,329709,10/19/2024,3.01,9911
Oregon,41,OR,75+,329709,10/26/2024,3.89,12814
Oregon,41,OR,75+,329709,11/2/2024,4.86,16038
Oregon,41,OR,75+,329709,11/9/2024,5.91,19499
Oregon,41,OR,75+,329709,11/16/2024,7.00,23083
Oregon,41,OR,75+,329709,11/23/2024,8.09,26663
Oregon,41,OR,75+,329709,11/30/2024,9.13,30114
Oregon,41,OR,75+,329709,12/7/2024,10.11,33332
Oregon,41,OR,75+,329709,12/14/2024,10.99,36244
Oregon,41,OR,75+,329709,12/21/2024,11.77,38805
Oregon,41,OR,75+,329709,12/28/2024,12.44,41001
Oregon,41,OR,75+,329709,1/4/2025,12.99,42842
Oregon,41,OR,75+,329709,1/11/2025,13.46,44362
Oregon,41,OR,75+,329709,1/18/2025,13.83,45607
Oregon,41,OR,75+,329709,1/25/2025,14.14,46627
Oregon,41,OR,75+,329709,2/1/2025,14.40,47473
Oregon,41,OR,75+,329709,2/8/2025,14.62,48188
Oregon,41,OR,75+,329709,2/15/2025,14.80,48808
Oregon,41,OR,75+,329709,2/22/2025,14.97,49360
Oregon,41,OR,75+,329709,3/1/2025,15.12,49864
Oregon,41,OR,75+,329709,3/8/2025,15.27,50334
Oregon,41,OR,75+,329709,3/15/2025,15.40,50779
Oregon,41,OR,75+,329709,3/22/2025,15.53,51205
Oregon,41,OR,75+,329709,3/29/2025,15.65,51615
Oregon,41,OR,75+,329709,4/5/2025,15.78,52013
Oregon,41,OR,75+,329709,4/12/2025,15.89,52398
Oregon,41,OR,75+,329709,4/19/2025,16.01,52775
Oregon,41,OR,75+,329709,4/26/2025,16.12,53144
Oregon,41,OR,75+,329709,5/3/2025,16.23,53507
Oregon,41,OR,75+,329709,5/10/2025,16.34,53865
Oregon,41,OR,75+,329709,5/17/2025,16.44,54219
Oregon,41,OR,75+,329709,5/24/2025,16.55,54570
Oregon,41,OR,75+,329709,5/31/2025,16.66,54919
Tennessee,47,TN,60-74 high-risk,590574,8/3/2024,0.00,0
Tennessee,47,TN,60-74 high-risk,590574,8/10/2024,0.00,0
Tennessee,47,TN,60-74 high-risk,590574,8/17/2024,0.00,0
Tennessee,47,TN,60-74 high-risk,590574,8/24/2024,0.00,0
Tennessee,47,TN,60-74 high-risk,590574,8/31/2024,0.00,0
Tennessee,47,TN,60-74 high-risk,590574,9/7/2024,0.12,719
Tennessee,47,TN,60-74 high-risk,590574,9/14/2024,0.31,1810
Tennessee,47,TN,60-74 high-risk,590574,9/21/2024,0.55,3220
Tennessee,47,TN,60-74 high-risk,590574,9/28/2024,0.85,5043
Tennessee,47,TN,60-74 high-risk,590574,10/5/2024,1.25,7376
Tennessee,47,TN,60-74 high-risk,590574,10/12/2024,1.74,10292
Tennessee,47,TN,60-74 high-risk,590574,10/19/2024,2.34,13823
Tennessee,47,TN,60-74 high-risk,590574,10/26/2024,3.04,17955
Tennessee,47,TN,60-74 high-risk,590574,11/2/2024,3.83,22621
Tennessee,47,TN,60-74 high-risk,590574,11/9/2024,4.69,27701
Tennessee,47,TN,60-74 high-risk,590574,11/16/2024,5.59,33022
Tennessee,47,TN,60-74 high-risk,590574,11/23/2024,6.50,38382
Tennessee,47,TN,60-74 high-risk,590574,11/30/2024,7.38,43582
Tennessee,47,TN,60-74 high-risk,590574,12/7/2024,8.21,48461
Tennessee,47,TN,60-74 high-risk,590574,12/14/2024,8.96,52908
Tennessee,47,TN,60-74 high-risk,590574,12/21/2024,9.63,56860
Tennessee,47,TN,60-74 high-risk,590574,12/28/2024,10.21,60298
Tennessee,47,TN,60-74 high-risk,590574,1/4/2025,10.71,63243
Tennessee,47,TN,60-74 high-risk,590574,1/11/2025,11.13,65738
Tennessee,47,TN,60-74 high-risk,590574,1/18/2025,11.49,67850
Tennessee,47,TN,60-74 high-risk,590574,1/25/2025,11.79,69649
Tennessee,47,TN,60-74 high-risk,590574,2/1/2025,12.06,71205
Tennessee,47,TN,60-74 high-risk,590574,2/8/2025,12.29,72581
Tennessee,47,TN,60-74 high-risk,590574,2/15/2025,12.50,73830
Tennessee,47,TN,60-74 high-risk,590574,2/22/2025,12.70,74990
Tennessee,47,TN,60-74 high-risk,590574,3/1/2025,12.88,76088
Tennessee,47,TN,60-74 high-risk,590574,3/8/2025,13.06,77135
Tennessee,47,TN,60-74 high-risk,590574,3/15/2025,13.23,78134
Tennessee,47,TN,60-74 high-risk,590574,3/22/2025,13.39,79074
Tennessee,47,TN,60-74 high-risk,590574,3/29/2025,13.54,79947
Tennessee,47,TN,60-74 high-risk,590574,4/5/2025,13.67,80742
Tennessee,47,TN,60-74 high-risk,590574,4/12/2025,13.79,81456
Tennessee,47,TN,60-74 high-risk,590574,4/19/2025,13.90,82088
Tennessee,47,TN,60-74 high-risk,590574,4/26/2025,13.99,82645
Tennessee,47,TN,60-74 high-risk,590574,5/3/2025,14.08,83138
Tennessee,47,TN,60-74 high-risk,590574,5/10/2025,14.15,83579
Tennessee,47,TN,60-74 high-risk,590574,5/17/2025,14.22,83984
Tennessee,47,TN,60-74 high-risk,590574,5/24/2025,14.29,84368
Tennessee,47,TN,60-74 high-risk,590574,5/31/2025,14.35,84743
Tennessee,47,TN,75+,491465,8/3/2024,0.00,0
Tennessee,47,TN,75+,491465,8/10/2024,0.00,0
Tennessee,47,TN,75+,491465,8/17/2024,0.00,0
Tennessee,47,TN,75+,491465,8/24/2024,0.00,0
Tennessee,47,TN,75+,491465,8/31/2024,0.00,0
Tennessee,47,TN,75+,491465,9/7/2024,0.14,688
Tennessee,47,TN,75+,491465,9/14/2024,0.35,1732
Tennessee,47,TN,75+,491465,9/21/2024,0.63,3082
Tennessee,47,TN,75+,491465,9/28/2024,0.98,4827
Tennessee,47,TN,75+,491465,10/5/2024,1.44,7059
Tennessee,47,TN,75+,491465,10/12/2024,2.00,9849
Tennessee,47,TN,75+,491465,10/19/2024,2.69,13229
Tennessee,47,TN,75+,491465,10/26/2024,3.50,17183
Tennessee,47,TN,75+,491465,11/2/2024,4.40,21648
Tennessee,47,TN,75+,491465,11/9/2024,5.39,26510
Tennessee,47,TN,75+,491465,11/16/2024,6.43,31602
Tennessee,47,TN,75+,491465,11/23/2024,7.47,36732
Tennessee,47,TN,75+,491465,11/30/2024,8.49,41708
Tennessee,47,TN,75+,491465,12/7/2024,9.44,46378
Tennessee,47,TN,75+,491465,12/14/2024,10.30,50633
Tennessee,47,TN,75+,491465,12/21/2024,11.07,54415
Tennessee,47,TN,75+,491465,12/28/2024,11.74,57706
Tennessee,47,TN,75+,491465,1/4/2025,12.31,60524
Tennessee,47,TN,75+,491465,1/11/2025,12.80,62912
Tennessee,47,TN,75+,491465,1/18/2025,13.21,64933
Tennessee,47,TN,75+,491465,1/25/2025,13.56,66654
Tennessee,47,TN,75+,491465,2/1/2025,13.87,68144
Tennessee,47,TN,75+,491465,2/8/2025,14.13,69461
Tennessee,47,TN,75+,491465,2/15/2025,14.38,70656
Tennessee,47,TN,75+,491465,2/22/2025,14.60,71766
Tennessee,47,TN,75+,491465,3/1/2025,14.82,72816
Tennessee,47,TN,75+,491465,3/8/2025,15.02,73819
Tennessee,47,TN,75+,491465,3/15/2025,15.21,74775
Tennessee,47,TN,75+,491465,3/22/2025,15.40,75675
Tennessee,47,TN,75+,491465,3/29/2025,15.57,76510
Tennessee,47,TN,75+,491465,4/5/2025,15.72,77271
Tennessee,47,TN,75+,491465,4/12/2025,15.86,77954
Tennessee,47,TN,75+,491465,4/19/2025,15.98,78559
Tennessee,47,TN,75+,491465,4/26/2025,16.09,79092
Tennessee,47,TN,75+,491465,5/3/2025,16.19,79564
Tennessee,47,TN,75+,491465,5/10/2025,16.28,79986
Tennessee,47,TN,75+,491465,5/17/2025,16.35,80374
Tennessee,47,TN,75+,491465,5/24/2025,16.43,80741
Tennessee,47,TN,75+,491465,5/31/2025,16.50,81100
Utah,49,UT,60-74 high-risk,200421,8/3/2024,0.00,0
Utah,49,UT,60-74 high-risk,200421,8/10/2024,0.00,0
Utah,49,UT,60-74 high-risk,200421,8/17/2024,0.00,0
Utah,49,UT,60-74 high-risk,200421,8/24/2024,0.00,0
Utah,49,UT,60-74 high-risk,200421,8/31/2024,0.00,0
Utah,49,UT,60-74 high-risk,200421,9/7/2024,0.01,13
Utah,49,UT,60-74 high-risk,200421,9/14/2024,0.23,465
Utah,49,UT,60-74 high-risk,200421,9/21/2024,0.54,1081
Utah,49,UT,60-74 high-risk,200421,9/28/2024,0.94,1891
Utah,49,UT,60-74 high-risk,200421,10/5/2024,1.45,2915
Utah,49,UT,60-74 high-risk,200421,10/12/2024,2.08,4159
Utah,49,UT,60-74 high-risk,200421,10/19/2024,2.80,5613
Utah,49,UT,60-74 high-risk,200421,10/26/2024,3.62,7253
Utah,49,UT,60-74 high-risk,200421,11/2/2024,4.51,9042
Utah,49,UT,60-74 high-risk,200421,11/9/2024,5.45,10928
Utah,49,UT,60-74 high-risk,200421,11/16/2024,6.41,12850
Utah,49,UT,60-74 high-risk,200421,11/23/2024,7.35,14739
Utah,49,UT,60-74 high-risk,200421,11/30/2024,8.25,16533
Utah,49,UT,60-74 high-risk,200421,12/7/2024,9.07,18185
Utah,49,UT,60-74 high-risk,200421,12/14/2024,9.81,19662
Utah,49,UT,60-74 high-risk,200421,12/21/2024,10.45,20949
Utah,49,UT,60-74 high-risk,200421,12/28/2024,11.00,22043
Utah,49,UT,60-74 high-risk,200421,1/4/2025,11.45,22957
Utah,49,UT,60-74 high-risk,200421,1/11/2025,11.83,23710
Utah,49,UT,60-74 high-risk,200421,1/18/2025,12.14,24330
Utah,49,UT,60-74 high-risk,200421,1/25/2025,12.40,24844
Utah,49,UT,60-74 high-risk,200421,2/1/2025,12.61,25280
Utah,49,UT,60-74 high-risk,200421,2/8/2025,12.80,25662
Utah,49,UT,60-74 high-risk,200421,2/15/2025,12.98,26007
Utah,49,UT,60-74 high-risk,200421,2/22/2025,13.14,26330
Utah,49,UT,60-74 high-risk,200421,3/1/2025,13.29,26639
Utah,49,UT,60-74 high-risk,200421,3/8/2025,13.44,26940
Utah,49,UT,60-74 high-risk,200421,3/15/2025,13.59,27232
Utah,49,UT,60-74 high-risk,200421,3/22/2025,13.73,27514
Utah,49,UT,60-74 high-risk,200421,3/29/2025,13.86,27783
Utah,49,UT,60-74 high-risk,200421,4/5/2025,13.99,28035
Utah,49,UT,60-74 high-risk,200421,4/12/2025,14.10,28266
Utah,49,UT,60-74 high-risk,200421,4/19/2025,14.21,28476
Utah,49,UT,60-74 high-risk,200421,4/26/2025,14.30,28664
Utah,49,UT,60-74 high-risk,200421,5/3/2025,14.39,28833
Utah,49,UT,60-74 high-risk,200421,5/10/2025,14.46,28984
Utah,49,UT,60-74 high-risk,200421,5/17/2025,14.53,29124
Utah,49,UT,60-74 high-risk,200421,5/24/2025,14.60,29257
Utah,49,UT,60-74 high-risk,200421,5/31/2025,14.66,29388
Utah,49,UT,75+,159324,8/3/2024,0.00,0
Utah,49,UT,75+,159324,8/10/2024,0.00,0
Utah,49,UT,75+,159324,8/17/2024,0.00,0
Utah,49,UT,75+,159324,8/24/2024,0.00,0
Utah,49,UT,75+,159324,8/31/2024,0.00,0
Utah,49,UT,75+,159324,9/7/2024,0.01,12
Utah,49,UT,75+,159324,9/14/2024,0.27,425
Utah,49,UT,75+,159324,9/21/2024,0.62,988
Utah,49,UT,75+,159324,9/28/2024,1.09,1729
Utah,49,UT,75+,159324,10/5/2024,1.67,2665
Utah,49,UT,75+,159324,10/12/2024,2.39,3802
Utah,49,UT,75+,159324,10/19/2024,3.22,5131
Utah,49,UT,75+,159324,10/26/2024,4.16,6630
Utah,49,UT,75+,159324,11/2/2024,5.19,8266
Utah,49,UT,75+,159324,11/9/2024,6.27,9990
Utah,49,UT,75+,159324,11/16/2024,7.37,11747
Utah,49,UT,75+,159324,11/23/2024,8.46,13474
Utah,49,UT,75+,159324,11/30/2024,9.49,15115
Utah,49,UT,75+,159324,12/7/2024,10.43,16625
Utah,49,UT,75+,159324,12/14/2024,11.28,17975
Utah,49,UT,75+,159324,12/21/2024,12.02,19151
Utah,49,UT,75+,159324,12/28/2024,12.65,20152
Utah,49,UT,75+,159324,1/4/2025,13.17,20987
Utah,49,UT,75+,159324,1/11/2025,13.60,21675
Utah,49,UT,75+,159324,1/18/2025,13.96,22242
Utah,49,UT,75+,159324,1/25/2025,14.26,22712
Utah,49,UT,75+,159324,2/1/2025,14.51,23111
Utah,49,UT,75+,159324,2/8/2025,14.72,23460
Utah,49,UT,75+,159324,2/15/2025,14.92,23775
Utah,49,UT,75+,159324,2/22/2025,15.11,24070
Utah,49,UT,75+,159324,3/1/2025,15.29,24353
Utah,49,UT,75+,159324,3/8/2025,15.46,24628
Utah,49,UT,75+,159324,3/15/2025,15.63,24895
Utah,49,UT,75+,159324,3/22/2025,15.79,25153
Utah,49,UT,75+,159324,3/29/2025,15.94,25399
Utah,49,UT,75+,159324,4/5/2025,16.09,25629
Utah,49,UT,75+,159324,4/12/2025,16.22,25841
Utah,49,UT,75+,159324,4/19/2025,16.34,26033
Utah,49,UT,75+,159324,4/26/2025,16.45,26205
Utah,49,UT,75+,159324,5/3/2025,16.54,26358
Utah,49,UT,75+,159324,5/10/2025,16.63,26497
Utah,49,UT,75+,159324,5/17/2025,16.71,26625
Utah,49,UT,75+,159324,5/24/2025,16.79,26747
Utah,49,UT,75+,159324,5/31/2025,16.86,26866
