"Geography","Week_Ending_Sat","rsv_cov_infants_pes","rsv_cov_infants_opt","rsv_cov_over60_pes","rsv_cov_over60_opt"
"United States",2023-08-05,0,0,0,0
"United States",2023-08-12,0,0,0,0
"United States",2023-08-19,0,0,0,0
"United States",2023-08-26,0,0,0,0
"United States",2023-09-02,0,0,0,0
"United States",2023-09-09,0,0,0.0241075250900754,0.0482150501801509
"United States",2023-09-16,0,0,0.243402667259533,0.486805334519066
"United States",2023-09-23,0.0295557251814517,0.0886671755443574,0.540020555213482,1.08004111042696
"United States",2023-09-30,0.166839176921933,0.500517530765801,0.928729394105558,1.85745878821112
"United States",2023-10-07,0.359695935419479,1.07908780625844,1.41992135633891,2.83984271267783
"United States",2023-10-14,0.616089897448951,1.84826969234686,2.01794992687897,4.03589985375794
"United States",2023-10-21,0.940936560267547,2.82280968080265,2.72034009878938,5.44068019757875
"United States",2023-10-28,1.3374574593119,4.01237237793571,3.51751264578958,7.03502529157917
"United States",2023-11-04,1.80679011533471,5.42037034600414,4.39273611474425,8.7854722294885
"United States",2023-11-11,2.34730743175885,7.04192229527655,5.32217205855276,10.6443441171055
"United States",2023-11-18,2.95424522922158,8.86273568766475,6.27566620348053,12.5513324069611
"United States",2023-11-25,3.6194971298538,10.8584913895614,7.21999591628698,14.439991832574
"United States",2023-12-02,4.33146939188719,12.9944081756616,8.12370449577114,16.2474089915423
"United States",2023-12-09,5.07496634325111,15.2248990297533,8.96133363047162,17.9226672609432
"United States",2023-12-16,5.83150699168689,17.4945209750607,9.71522819023462,19.4304563804692
"United States",2023-12-23,6.58104259493209,19.7431277847963,10.3754307966575,20.750861593315
"United States",2023-12-30,7.30458588161641,21.9137576448492,10.9392199772107,21.8784399544214
"United States",2024-01-06,7.98652104550519,23.9595631365156,11.6919220280498,23.3838440560997
"United States",2024-01-13,8.61555855310776,25.8466756593233,11.9002569640052,23.8005139280105
"United States",2024-01-20,9.18458924732762,27.5537677419829,12.0738811366215,24.147762273243
"United States",2024-01-27,9.69031366842028,29.0709410052608,12.2329596724806,24.4659193449612
"United States",2024-02-03,10.1327450386714,30.3982351160143,12.3966993134697,24.7933986269393
"United States",2024-02-10,10.5144590757433,31.54337722723,12.5625393896085,25.125078779217
"United States",2024-02-17,10.8396488076863,32.5189464230589,12.7240860528229,25.4481721056458
"United States",2024-02-24,11.1133001840178,33.3399005520534,12.8790237357458,25.7580474714916
"United States",2024-03-02,11.2914283508234,33.8742850524702,13.0250368710101,26.0500737420202
"United States",2024-03-09,11.477831699141,34.4334950974229,13.1679278202085,26.3358556404169
"United States",2024-03-16,11.6497364166228,34.9492092498683,13.3136715406488,26.6273430812975
"United States",2024-03-23,11.8063223658311,35.4189670974932,13.4507033919801,26.9014067839601
"United States",2024-03-30,11.9467694093281,35.8403082279844,13.5672008994049,27.1344017988099
"United States",2024-04-06,11.9467694093281,35.8403082279844,13.6628575986564,27.3257151973128
"United States",2024-04-13,11.9467694093281,35.8403082279844,13.7521783717268,27.5043567434537
"United States",2024-04-20,11.9467694093281,35.8403082279844,13.8354744566701,27.6709489133402
"United States",2024-04-27,11.9467694093281,35.8403082279844,13.9127775225759,27.8255550451517
"United States",2024-05-04,11.9467694093281,35.8403082279844,13.9857732396605,27.971546479321
"United States",2024-05-11,11.9467694093281,35.8403082279844,14.0651707463348,28.1303414926696
"United States",2024-05-18,11.9467694093281,35.8403082279844,14.1463296352247,28.2926592704494
"United States",2024-05-25,11.9467694093281,35.8403082279844,14.2212309216938,28.4424618433875
"United States",2024-06-01,11.9467694093281,35.8403082279844,14.2820996477298,28.5641992954595
"California",2023-08-05,0,0,0,0
"California",2023-08-12,0,0,0,0
"California",2023-08-19,0,0,0,0
"California",2023-08-26,0,0,0,0
"California",2023-09-02,0,0,0,0
"California",2023-09-09,0,0,0.154754407235144,0.309508814470289
"California",2023-09-16,0,0,0.43510954532378,0.87021909064756
"California",2023-09-23,0.0526692421406336,0.158007726421902,0.798795558758796,1.59759111751759
"California",2023-09-30,0.2233819827491,0.670145948247301,1.2591640987884,2.5183281975768
"California",2023-10-07,0.461177863001997,1.38353358900599,1.8250176953729,3.6500353907458
"California",2023-10-14,0.775096702666092,2.32529010799828,2.49935750568575,4.99871501137151
"California",2023-10-21,1.16974553174818,3.50923659524454,3.278739402475,6.55747880494999
"California",2023-10-28,1.6453591145682,4.93607734370459,4.15296842706726,8.30593685413452
"California",2023-11-04,2.19838656146185,6.59515968438556,5.10493024645369,10.2098604929074
"California",2023-11-11,2.82196716592275,8.46590149776824,6.11049108811124,12.2209821762225
"California",2023-11-18,3.50625646382332,10.51876939147,7.13903526926461,14.2780705385292
"California",2023-11-25,4.23861975578155,12.7158592673447,8.15604982600468,16.3120996520094
"California",2023-12-02,5.0037426149036,15.0112278447108,9.12709976533092,18.2541995306618
"California",2023-12-09,5.78377164825411,17.3513149447623,10.021493963106,20.042987926212
"California",2023-12-16,6.55892171025907,19.6767651307772,10.8143787803692,21.6287575607385
"California",2023-12-23,7.30932970829364,21.9279891248809,11.488237936572,22.976475873144
"California",2023-12-30,8.01761545397042,24.0528463619113,12.0348120256052,24.0696240512104
"California",2024-01-06,8.67096329030586,26.0128898709176,12.94,25.88
"California",2024-01-13,9.26171443123295,27.7851432936989,12.94,25.88
"California",2024-01-20,9.78668784181441,29.3600635254432,12.94,25.88
"California",2024-01-27,10.2461732050175,30.7385196150524,12.94,25.88
"California",2024-02-03,10.6429092467108,31.9287277401324,12.94,25.88
"California",2024-02-10,10.981142994165,32.9434289824951,12.94,25.88
"California",2024-02-17,11.2658740088698,33.7976220266095,12.94,25.88
"California",2024-02-24,11.5023621980168,34.5070865940505,12.94,25.88
"California",2024-03-02,11.6676573795699,35.0029721387098,12.94,25.88
"California",2024-03-09,11.8094893272712,35.4284679818135,12.94,25.88
"California",2024-03-16,11.9281475208595,35.7844425625784,12.94,25.88
"California",2024-03-23,12.0441945396817,36.132583619045,12.94,25.88
"California",2024-03-30,12.1781929630847,36.5345788892541,12.94,25.88
"California",2024-04-06,12.1781929630847,36.5345788892541,12.94,25.88
"California",2024-04-13,12.1781929630847,36.5345788892541,12.94,25.88
"California",2024-04-20,12.1781929630847,36.5345788892541,12.94,25.88
"California",2024-04-27,12.1781929630847,36.5345788892541,12.94,25.88
"California",2024-05-04,12.1781929630847,36.5345788892541,12.94,25.88
"California",2024-05-11,12.1781929630847,36.5345788892541,12.94,25.88
"California",2024-05-18,12.1781929630847,36.5345788892541,12.94,25.88
"California",2024-05-25,12.1781929630847,36.5345788892541,12.94,25.88
"California",2024-06-01,12.1781929630847,36.5345788892541,12.94,25.88
"Colorado",2023-08-05,0,0,0,0
"Colorado",2023-08-12,0,0,0,0
"Colorado",2023-08-19,0,0,0,0
"Colorado",2023-08-26,0,0,0,0
"Colorado",2023-09-02,0,0,0,0
"Colorado",2023-09-09,0,0,0.0265874332579488,0.0531748665158976
"Colorado",2023-09-16,0,0,0.294574444184489,0.589148888368977
"Colorado",2023-09-23,0,0,0.657232666066926,1.31446533213385
"Colorado",2023-09-30,0.121175239704923,0.36352571911477,1.13159920276836,2.26319840553673
"Colorado",2023-10-07,0.33393889208681,1.00181667626043,1.72795293144039,3.45590586288078
"Colorado",2023-10-14,0.624698948327531,1.87409684498259,2.44780800991166,4.89561601982331
"Colorado",2023-10-21,1.00184402523658,3.00553207570975,3.28378046624427,6.56756093248853
"Colorado",2023-10-28,1.4702422540388,4.41072676211639,4.21999345471136,8.43998690942272
"Colorado",2023-11-04,2.03082507092273,6.09247521276818,5.23256372326655,10.4651274465331
"Colorado",2023-11-11,2.68028706332432,8.04086118997295,6.29019095049644,12.5803819009929
"Colorado",2023-11-18,3.41097779819987,10.2329333945996,7.35569802663137,14.7113960532627
"Colorado",2023-11-25,4.21088730562995,12.6326619168899,8.3903547399504,16.7807094799008
"Colorado",2023-12-02,5.06367338699546,15.1910201609864,9.35979891976588,18.7195978395318
"Colorado",2023-12-09,5.94877491488655,17.8463247446597,10.2388609771697,20.4777219543394
"Colorado",2023-12-16,6.84214518199482,20.5264355459844,11.0130318216273,22.0260636432546
"Colorado",2023-12-23,7.71872188873574,23.1561656662072,11.6772028931005,23.3544057862011
"Colorado",2023-12-30,8.55593006128918,25.6677901838675,12.2338395849387,24.4676791698774
"Colorado",2024-01-06,9.33660744347272,28.0098223304181,12.8754306627036,25.7508613254072
"Colorado",2024-01-13,10.049966993333,30.149900979999,13.1052450596075,26.210490119215
"Colorado",2024-01-20,10.690818872772,32.072456618316,13.2971640834858,26.5943281669716
"Colorado",2024-01-27,11.2582830226583,33.7748490679749,13.4657675329198,26.9315350658396
"Colorado",2024-02-03,11.7544554372932,35.2633663118796,13.624136642408,27.2482732848161
"Colorado",2024-02-10,12.1832130218417,36.5496390655252,13.7611457055089,27.5222914110179
"Colorado",2024-02-17,12.5493121034253,37.647936310276,13.8824891265781,27.7649782531562
"Colorado",2024-02-24,12.8578346685641,38.5735040056923,14.0032720038253,28.0065440076506
"Colorado",2024-03-02,13.0843598706224,39.2530796118671,14.1385994354602,28.2771988709204
"Colorado",2024-03-09,13.2999487527408,39.8998462582223,14.3048747715385,28.6097495430771
"Colorado",2024-03-16,13.4925997431326,40.4777992293978,14.4966350842065,28.993270168413
"Colorado",2024-03-23,13.651951133404,40.9558534002119,14.6895482938959,29.3790965877918
"Colorado",2024-03-30,13.7676412151609,41.3029236454827,14.8591115375305,29.718223075061
"Colorado",2024-04-06,13.7676412151609,41.3029236454827,14.994144567893,29.988289135786
"Colorado",2024-04-13,13.7676412151609,41.3029236454827,15.1119702412156,30.2239404824312
"Colorado",2024-04-20,13.7676412151609,41.3029236454827,15.2218322585406,30.4436645170811
"Colorado",2024-04-27,13.7676412151609,41.3029236454827,15.3327181611876,30.6654363223753
"Colorado",2024-05-04,13.7676412151609,41.3029236454827,15.4561024555278,30.9122049110555
"Colorado",2024-05-11,13.7676412151609,41.3029236454827,15.6071222466701,31.2142444933402
"Colorado",2024-05-18,13.7676412151609,41.3029236454827,15.7602038358614,31.5204076717229
"Colorado",2024-05-25,13.7676412151609,41.3029236454827,15.8831086553753,31.7662173107507
"Colorado",2024-06-01,13.7676412151609,41.3029236454827,15.9444893194649,31.8889786389298
"Connecticut",2023-08-05,0,0,0,0
"Connecticut",2023-08-12,0,0,0,0
"Connecticut",2023-08-19,0,0,0,0
"Connecticut",2023-08-26,0,0,0,0
"Connecticut",2023-09-02,0,0,0,0
"Connecticut",2023-09-09,0,0,0.0951375704138884,0.190275140827777
"Connecticut",2023-09-16,0,0,0.294082282455099,0.588164564910198
"Connecticut",2023-09-23,0.112960065987806,0.338880197963417,0.556126697300399,1.1122533946008
"Connecticut",2023-09-30,0.28782867944233,0.863486038326989,0.902764513772631,1.80552902754526
"Connecticut",2023-10-07,0.523915052763259,1.57174515828978,1.35686010886902,2.71372021773805
"Connecticut",2023-10-14,0.827278388349841,2.48183516504952,1.9361158290469,3.8722316580938
"Connecticut",2023-10-21,1.20126589478587,3.60379768435762,2.64940534810526,5.29881069621053
"Connecticut",2023-10-28,1.6549228890411,4.9647686671233,3.49494289955055,6.9898857991011
"Connecticut",2023-11-04,2.20002515089718,6.60007545269154,4.45934970584663,8.91869941169325
"Connecticut",2023-11-11,2.84637303279021,8.53911909837061,5.51694241643738,11.0338848328748
"Connecticut",2023-11-18,3.59888966702513,10.7966690010754,6.63015463689229,13.2603092737846
"Connecticut",2023-11-25,4.45591426809665,13.3677428042899,7.75439253134971,15.5087850626994
"Connecticut",2023-12-02,5.40813174984031,16.2243952495209,8.84595343681148,17.691906873623
"Connecticut",2023-12-09,6.43774123358509,19.3132237007553,9.86916258227491,19.7383251645498
"Connecticut",2023-12-16,7.5184371288485,22.5553113865455,10.7994101040097,21.5988202080195
"Connecticut",2023-12-23,8.61823342165797,25.8547002649739,11.6225601880957,23.2451203761914
"Connecticut",2023-12-30,9.70431398860234,29.112941965807,12.3333933041642,24.6667866083284
"Connecticut",2024-01-06,10.7475948567388,32.2427845702164,13.2267956069745,26.453591213949
"Connecticut",2024-01-13,11.7250078316215,35.1750234948644,13.5783817747804,27.1567635495609
"Connecticut",2024-01-20,12.6197621189639,37.8592863568916,13.8766962170309,27.7533924340619
"Connecticut",2024-01-27,13.4210616133342,40.2631848400025,14.127240090111,28.2544801802219
"Connecticut",2024-02-03,14.1235441287788,42.3706323863363,14.3362695712091,28.6725391424181
"Connecticut",2024-02-10,14.7263525980617,44.179057794185,14.5200829419306,29.0401658838612
"Connecticut",2024-02-17,15.2320570603523,45.6961711810568,14.6815044535013,29.3630089070027
"Connecticut",2024-02-24,15.6459368956261,46.9378106868782,14.8179521364942,29.6359042729883
"Connecticut",2024-03-02,16.0586602909223,48.175980872767,14.9268440214819,29.8536880429638
"Connecticut",2024-03-09,16.2327946711028,48.6983840133083,15.0087112429893,30.0174224859786
"Connecticut",2024-03-16,16.3707720845413,49.1123162536238,15.0733875524992,30.1467751049984
"Connecticut",2024-03-23,16.4887888150698,49.4663664452093,15.1307575538579,30.2615151077158
"Connecticut",2024-03-30,16.6030411465203,49.809123439561,15.1906616286964,30.3813232573928
"Connecticut",2024-04-06,16.6030411465203,49.809123439561,15.2507138612925,30.501427722585
"Connecticut",2024-04-13,16.6030411465203,49.809123439561,15.3027508417527,30.6055016835054
"Connecticut",2024-04-20,16.6030411465203,49.809123439561,15.3609769187267,30.7219538374534
"Connecticut",2024-04-27,16.6030411465203,49.809123439561,15.4399521134311,30.8799042268622
"Connecticut",2024-05-04,16.6030411465203,49.809123439561,15.5898113207756,31.1796226415511
"Connecticut",2024-05-11,16.6030411465203,49.809123439561,16.0304276557395,32.060855311479
"Connecticut",2024-05-18,16.6030411465203,49.809123439561,16.6082018859571,33.2164037719142
"Connecticut",2024-05-25,16.6030411465203,49.809123439561,17.0929723736397,34.1859447472794
"Connecticut",2024-06-01,16.6030411465203,49.809123439561,17.26,34.52
"Georgia",2023-08-05,0,0,0,0
"Georgia",2023-08-12,0,0,0,0
"Georgia",2023-08-19,0,0,0,0
"Georgia",2023-08-26,0,0,0,0
"Georgia",2023-09-02,0,0,0,0
"Georgia",2023-09-09,0,0,0.0348023004815152,0.0696046009630304
"Georgia",2023-09-16,0,0,0.241543378379701,0.483086756759402
"Georgia",2023-09-23,0.00654657538335482,0.0196397261500648,0.519511551325293,1.03902310265059
"Georgia",2023-09-30,0.124628061301834,0.373884183905503,0.881213532561374,1.76242706512275
"Georgia",2023-10-07,0.292908307310907,0.878724921932721,1.33463356461993,2.66926712923987
"Georgia",2023-10-14,0.519261099486081,1.55778329845824,1.88234704798183,3.76469409596367
"Georgia",2023-10-21,0.808310692342175,2.42493207702653,2.52124878342325,5.0424975668465
"Georgia",2023-10-28,1.15953789203419,3.47861367610258,3.24255524191227,6.48511048382454
"Georgia",2023-11-04,1.56738641430329,4.70215924290986,4.03190881835491,8.06381763670981
"Georgia",2023-11-11,2.02316044752344,6.06948134257032,4.86952660824445,9.7390532164889
"Georgia",2023-11-18,2.51676020884399,7.55028062653196,5.73089464678664,11.4617892935733
"Georgia",2023-11-25,3.03786138801896,9.11358416405689,6.58923661261696,13.1784732252339
"Georgia",2023-12-02,3.57664397502258,10.7299319250677,7.41912736620917,14.8382547324183
"Georgia",2023-12-09,4.12418229296552,12.3725468788966,8.19967861440861,16.3993572288172
"Georgia",2023-12-16,4.67262938850037,14.0178881655011,8.91597062173592,17.8319412434718
"Georgia",2023-12-23,5.21534299718117,15.6460289915435,9.55903982001672,19.1180796400334
"Georgia",2023-12-30,5.74695652452061,17.2408695735618,10.1255251237353,20.2510502474706
"Georgia",2024-01-06,6.26332340390895,18.7899702117269,10.8633526549119,21.7267053098238
"Georgia",2024-01-13,6.76125945757253,20.2837783727176,11.1504848993072,22.3009697986143
"Georgia",2024-01-20,7.23808998462133,21.714269953864,11.3952088643916,22.7904177287832
"Georgia",2024-01-27,7.69112553355148,23.0733766006544,11.6197183507058,23.2394367014116
"Georgia",2024-02-03,8.11720308497458,24.3516092549237,11.8446451092332,23.6892902184664
"Georgia",2024-02-10,8.51244879513744,25.5373463854123,12.0604677816287,24.1209355632575
"Georgia",2024-02-17,8.872495979574,26.617487938722,12.2637768984149,24.5275537968298
"Georgia",2024-02-24,9.19324928912696,27.5797478673809,12.4594536381087,24.9189072762174
"Georgia",2024-03-02,9.6445533980237,28.9336601940711,12.6523791792273,25.3047583584546
"Georgia",2024-03-09,9.83995912324056,29.5198773697217,12.8546738203509,25.7093476407018
"Georgia",2024-03-16,10.0001680318897,30.0005040956692,13.0652091205399,26.1304182410799
"Georgia",2024-03-23,10.1413187699526,30.4239563098579,13.2573818980831,26.5147637961662
"Georgia",2024-03-30,10.2795499834107,30.838649950232,13.4042797431437,26.8085594862873
"Georgia",2024-04-06,10.2795499834107,30.838649950232,13.5036819683624,27.0073639367248
"Georgia",2024-04-13,10.2795499834107,30.838649950232,13.586879496039,27.173758992078
"Georgia",2024-04-20,10.2795499834107,30.838649950232,13.656017525251,27.312035050502
"Georgia",2024-04-27,10.2795499834107,30.838649950232,13.7126522057312,27.4253044114625
"Georgia",2024-05-04,10.2795499834107,30.838649950232,13.7577428713878,27.5154857427755
"Georgia",2024-05-11,10.2795499834107,30.838649950232,13.7902864613745,27.580572922749
"Georgia",2024-05-18,10.2795499834107,30.838649950232,13.8171210478266,27.6342420956532
"Georgia",2024-05-25,10.2795499834107,30.838649950232,13.8465107694124,27.6930215388248
"Georgia",2024-06-01,10.2795499834107,30.838649950232,13.886714596551,27.773429193102
"Maryland",2023-08-05,0,0,0,0
"Maryland",2023-08-12,0,0,0,0
"Maryland",2023-08-19,0,0,0,0
"Maryland",2023-08-26,0,0,0,0
"Maryland",2023-09-02,0,0,0,0
"Maryland",2023-09-09,0,0,0.0621920439176482,0.124384087835296
"Maryland",2023-09-16,0,0,0.328817213140168,0.657634426280336
"Maryland",2023-09-23,0,0,0.685111274882629,1.37022254976526
"Maryland",2023-09-30,0.106078236791609,0.318234710374828,1.1461318868919,2.29226377378379
"Maryland",2023-10-07,0.33900459023883,1.01701377071649,1.72035331344991,3.44070662689983
"Maryland",2023-10-14,0.660658239672102,1.98197471901631,2.40883442102793,4.81766884205586
"Maryland",2023-10-21,1.08107053091138,3.24321159273414,3.20523292268533,6.41046584537065
"Maryland",2023-10-28,1.60388731923778,4.81166195771335,4.09602770866223,8.19205541732446
"Maryland",2023-11-04,2.22652905883306,6.67958717649919,5.06080696633838,10.1216139326768
"Maryland",2023-11-11,2.94123882415718,8.82371647247154,6.07262397879096,12.1452479575819
"Maryland",2023-11-18,3.73594380666113,11.2078314199834,7.09910812028071,14.1982162405614
"Maryland",2023-11-25,4.59484962868409,13.7845488860523,8.10586006690766,16.2117201338153
"Maryland",2023-12-02,5.49883375056107,16.4965012516832,9.06123849382194,18.1224769876439
"Maryland",2023-12-09,6.42578175637064,19.2773452691119,9.94043118921811,19.8808623784362
"Maryland",2023-12-16,7.35137155492798,22.0541146647839,10.7270555371727,21.4541110743453
"Maryland",2023-12-23,8.25119368980839,24.7535810694252,11.4128087263856,22.8256174527712
"Maryland",2023-12-30,9.10363890947978,27.3109167284393,11.9967373423406,23.9934746846812
"Maryland",2024-01-06,9.89226951038411,29.6768085311523,12.7592680894642,25.5185361789284
"Maryland",2024-01-13,10.6065982215185,31.8197946645555,12.9825818459284,25.9651636918569
"Maryland",2024-01-20,11.2415832101768,33.7247496305302,13.1651073999628,26.3302147999257
"Maryland",2024-01-27,11.7968407406557,35.3905222219672,13.3335371823159,26.6670743646318
"Maryland",2024-02-03,12.275751471625,36.8272544148749,13.5124209544616,27.0248419089232
"Maryland",2024-02-10,12.6843751859325,38.0531255577976,13.6864811180561,27.3729622361122
"Maryland",2024-02-17,13.0301988538661,39.0905965615982,13.8523836465058,27.7047672930116
"Maryland",2024-02-24,13.3209596700871,39.9628790102612,14.0186402134347,28.0372804268694
"Maryland",2024-03-02,13.4272450721041,40.2817352163124,14.1937624924667,28.3875249849334
"Maryland",2024-03-09,13.6696067356965,41.0088202070894,14.3914062763884,28.7828125527767
"Maryland",2024-03-16,13.9036583200116,41.7109749600349,14.6088123834041,29.2176247668082
"Maryland",2024-03-23,14.1041931939082,42.3125795817247,14.8199828769103,29.6399657538206
"Maryland",2024-03-30,14.2460047262449,42.7380141787348,14.9986586601782,29.9973173203564
"Maryland",2024-04-06,14.2460047262449,42.7380141787348,15.1373242141555,30.274648428311
"Maryland",2024-04-13,14.2460047262449,42.7380141787348,15.2587390068664,30.5174780137328
"Maryland",2024-04-20,14.2460047262449,42.7380141787348,15.3670863350447,30.7341726700893
"Maryland",2024-04-27,14.2460047262449,42.7380141787348,15.4661309624633,30.9322619249266
"Maryland",2024-05-04,14.2460047262449,42.7380141787348,15.5589204922255,31.117840984451
"Maryland",2024-05-11,14.2460047262449,42.7380141787348,15.6432423565059,31.2864847130117
"Maryland",2024-05-18,14.2460047262449,42.7380141787348,15.7211405611886,31.4422811223772
"Maryland",2024-05-25,14.2460047262449,42.7380141787348,15.7959084065842,31.5918168131684
"Maryland",2024-06-01,14.2460047262449,42.7380141787348,15.8707924041664,31.7415848083328
"Michigan",2023-08-05,0,0,0,0
"Michigan",2023-08-12,0,0,0,0
"Michigan",2023-08-19,0,0,0,0
"Michigan",2023-08-26,0,0,0,0
"Michigan",2023-09-02,0,0,0,0
"Michigan",2023-09-09,0,0,0.0377197292616206,0.0754394585232413
"Michigan",2023-09-16,0,0,0.276981110981017,0.553962221962033
"Michigan",2023-09-23,0.0786875707865945,0.236062712359781,0.599331652342966,1.19866330468593
"Michigan",2023-09-30,0.224950481881797,0.674851445645387,1.02120583512084,2.04241167024167
"Michigan",2023-10-07,0.4244239219669,1.2732717659007,1.55468119850575,3.10936239701149
"Michigan",2023-10-14,0.683032587724395,2.04909776317318,2.20529088523128,4.41058177046256
"Michigan",2023-10-21,1.00338089652735,3.01014268958203,2.97090585184737,5.94181170369474
"Michigan",2023-10-28,1.38765961344703,4.16297884034108,3.84127295125538,7.68254590251077
"Michigan",2023-11-04,1.83724360278313,5.5117308083494,4.79787621037403,9.59575242074806
"Michigan",2023-11-11,2.35156108229847,7.05468324689542,5.81396324107044,11.6279264821409
"Michigan",2023-11-18,2.92735446916545,8.78206340749636,6.85548747246426,13.7109749449285
"Michigan",2023-11-25,3.55819955592003,10.6745986677601,7.88492937061549,15.769858741231
"Michigan",2023-12-02,4.2341781305593,12.7025343916779,8.86695721690163,17.7339144338033
"Michigan",2023-12-09,4.94167084731161,14.8250125419348,9.77335559061504,19.5467111812301
"Michigan",2023-12-16,5.66362533976368,16.990876019291,10.5850653904429,21.1701307808858
"Michigan",2023-12-23,6.38116093301972,19.1434827990592,11.2918990121612,22.5837980243224
"Michigan",2023-12-30,7.07605192755451,21.2281557826635,11.891779489598,23.783558979196
"Michigan",2024-01-06,7.7329657256367,23.1988971769101,12.6887737539631,25.3775475079262
"Michigan",2024-01-13,8.34051249036363,25.0215374710909,12.8968565585226,25.7937131170452
"Michigan",2024-01-20,8.89132800461743,26.6739840138523,13.0647669897472,26.1295339794944
"Michigan",2024-01-27,9.3819443734455,28.1458331203365,13.2205730060153,26.4411460120306
"Michigan",2024-02-03,9.81247569725326,29.4374270917598,13.3906444297181,26.7812888594362
"Michigan",2024-02-10,10.18593160664,30.5577948199199,13.5656528722433,27.1313057444867
"Michigan",2024-02-17,10.5071441550894,31.5214324652683,13.7361413145766,27.4722826291533
"Michigan",2024-02-24,10.7816232846887,32.3448698540661,13.9007650070045,27.8015300140089
"Michigan",2024-03-02,10.903969367745,32.7119081032351,14.0581791998133,28.1163583996266
"Michigan",2024-03-09,11.133000019754,33.399000059262,14.210248265422,28.4204965308439
"Michigan",2024-03-16,11.3569542534239,34.0708627602718,14.3587280469358,28.7174560938717
"Michigan",2024-03-23,11.5586794621779,34.6760383865337,14.4983110653226,28.9966221306453
"Michigan",2024-03-30,11.7210230394389,35.1630691183168,14.6235868703553,29.2471737407106
"Michigan",2024-04-06,11.7210230394389,35.1630691183168,14.7340111839789,29.4680223679577
"Michigan",2024-04-13,11.7210230394389,35.1630691183168,14.8357154949807,29.6714309899615
"Michigan",2024-04-20,11.7210230394389,35.1630691183168,14.9291397246966,29.8582794493933
"Michigan",2024-04-27,11.7210230394389,35.1630691183168,15.0146081288155,30.029216257631
"Michigan",2024-05-04,11.7210230394389,35.1630691183168,15.0921919757774,30.1843839515548
"Michigan",2024-05-11,11.7210230394389,35.1630691183168,15.1612634452934,30.3225268905868
"Michigan",2024-05-18,11.7210230394389,35.1630691183168,15.2247548480884,30.4495096961768
"Michigan",2024-05-25,11.7210230394389,35.1630691183168,15.2862242390696,30.5724484781392
"Michigan",2024-06-01,11.7210230394389,35.1630691183168,15.3491764757588,30.6983529515176
"Minnesota",2023-08-05,0,0,0,0
"Minnesota",2023-08-12,0,0,0,0
"Minnesota",2023-08-19,0,0,0,0
"Minnesota",2023-08-26,0,0,0,0
"Minnesota",2023-09-02,0,0,0,0
"Minnesota",2023-09-09,0,0,0,0
"Minnesota",2023-09-16,0,0,0.183274474380089,0.366548948760179
"Minnesota",2023-09-23,0,0,0.498107639106294,0.996215278212587
"Minnesota",2023-09-30,0.0287215572686791,0.0861646718060345,0.919591818025592,1.83918363605118
"Minnesota",2023-10-07,0.177185176758977,0.531555530276927,1.46098887947755,2.9219777589551
"Minnesota",2023-10-14,0.387088408935587,1.16126522680675,2.12836739060204,4.25673478120409
"Minnesota",2023-10-21,0.667695874387232,2.00308762316169,2.91953373828033,5.83906747656067
"Minnesota",2023-10-28,1.02783283393388,3.08349850180162,3.82362798943099,7.64725597886198
"Minnesota",2023-11-04,1.47444853421237,4.42334560263711,4.82103002535453,9.64206005070906
"Minnesota",2023-11-11,2.01115221205748,6.03345663617244,5.88340583180216,11.7668116636043
"Minnesota",2023-11-18,2.63739096091639,7.91217288274917,6.97467581710254,13.9493516342051
"Minnesota",2023-11-25,3.34800039964201,10.044001198926,8.05496368047843,16.1099273609569
"Minnesota",2023-12-02,4.13290311338685,12.3987093401605,9.08646387141187,18.1729277428237
"Minnesota",2023-12-09,4.97682466376167,14.930473991285,10.0385712723342,20.0771425446683
"Minnesota",2023-12-16,5.85938614523578,17.5781584357073,10.890056567308,21.780113134616
"Minnesota",2023-12-23,6.75663683753181,20.2699105125954,11.6289104693364,23.2578209386727
"Minnesota",2023-12-30,7.64364401127027,22.9309320338108,12.2517528122507,24.5035056245014
"Minnesota",2024-01-06,8.49700949621866,25.491028488656,13.1059137905998,26.2118275811997
"Minnesota",2024-01-13,9.29643132865106,27.8892939859532,13.3134195472717,26.6268390945434
"Minnesota",2024-01-20,10.0257863157698,30.0773589473093,13.4780453794169,26.9560907588338
"Minnesota",2024-01-27,10.6743897782719,32.0231693348157,13.6204477904068,27.2408955808136
"Minnesota",2024-02-03,11.237860192184,33.7135805765518,13.7596713068657,27.5193426137313
"Minnesota",2024-02-10,11.7177677065396,35.1533031196188,13.8854863140952,27.7709726281903
"Minnesota",2024-02-17,12.1199601807572,36.3598805422715,13.9982474156097,27.9964948312195
"Minnesota",2024-02-24,12.452596353564,37.3577890606919,14.1074336007093,28.2148672014186
"Minnesota",2024-03-02,12.60525816953,37.81577450859,14.2225238586938,28.4450477173877
"Minnesota",2024-03-09,12.8298856561886,38.4896569685657,14.350878946072,28.701757892144
"Minnesota",2024-03-16,13.0440713082408,39.1322139247223,14.487218335257,28.9744366705139
"Minnesota",2024-03-23,13.2418197689377,39.725459306813,14.6215959348798,29.2431918697596
"Minnesota",2024-03-30,13.4171356815302,40.2514070445907,14.7440583969864,29.4881167939727
"Minnesota",2024-04-06,13.4171356815302,40.2514070445907,14.851641401323,29.7032828026459
"Minnesota",2024-04-13,13.4171356815302,40.2514070445907,14.9520902619952,29.9041805239903
"Minnesota",2024-04-20,13.4171356815302,40.2514070445907,15.0457987285165,30.091597457033
"Minnesota",2024-04-27,13.4171356815302,40.2514070445907,15.1330010624753,30.2660021249506
"Minnesota",2024-05-04,13.4171356815302,40.2514070445907,15.2154597179015,30.430919435803
"Minnesota",2024-05-11,13.4171356815302,40.2514070445907,15.3016433378227,30.6032866756453
"Minnesota",2024-05-18,13.4171356815302,40.2514070445907,15.3829355092273,30.7658710184546
"Minnesota",2024-05-25,13.4171356815302,40.2514070445907,15.4473372793806,30.8946745587612
"Minnesota",2024-06-01,13.4171356815302,40.2514070445907,15.4832319096485,30.966463819297
"New Mexico",2023-08-05,0,0,0,0
"New Mexico",2023-08-12,0,0,0,0
"New Mexico",2023-08-19,0,0,0,0
"New Mexico",2023-08-26,0,0,0,0
"New Mexico",2023-09-02,0,0,0,0
"New Mexico",2023-09-09,0.00322169362001341,0.00966508086003867,0.0398731111111538,0.0797462222223076
"New Mexico",2023-09-16,0.0941868045024594,0.282560413507376,0.269892354090606,0.539784708181211
"New Mexico",2023-09-23,0.218021086759452,0.654063260278355,0.579012799130086,1.15802559826017
"New Mexico",2023-09-30,0.380821379589115,1.14246413876734,0.981075983031508,1.96215196606302
"New Mexico",2023-10-07,0.586273397375794,1.75882019212738,1.48481482113599,2.96962964227198
"New Mexico",2023-10-14,0.833896703735569,2.50169011120671,2.09280605663907,4.18561211327814
"New Mexico",2023-10-21,1.119816465129,3.359449395387,2.80111402463657,5.60222804927313
"New Mexico",2023-10-28,1.44572750210432,4.33718250631295,3.59924914718483,7.19849829436966
"New Mexico",2023-11-04,1.8174872960006,5.4524618880018,4.47025320816365,8.9405064163273
"New Mexico",2023-11-11,2.24160922222846,6.72482766668537,5.39085619444785,10.7817123888957
"New Mexico",2023-11-18,2.72297951416203,8.16893854248609,6.33229689004038,12.6645937800808
"New Mexico",2023-11-25,3.26341452731364,9.79024358194093,7.2632342827172,14.5264685654344
"New Mexico",2023-12-02,3.86069082611544,11.5820724783463,8.1539965557727,16.3079931115454
"New Mexico",2023-12-09,4.50776471462548,13.5232941438764,8.98031144461452,17.960622889229
"New Mexico",2023-12-16,5.19245158157243,15.5773547447173,9.72498480024532,19.4499696004906
"New Mexico",2023-12-23,5.8987018610782,17.6961055832346,10.3780216744662,20.7560433489323
"New Mexico",2023-12-30,6.60906052866504,19.8271815859951,10.9364926857322,21.8729853714644
"New Mexico",2024-01-06,7.30707360264023,21.9212208079207,11.7156336439269,23.4312672878539
"New Mexico",2024-01-13,7.97856591987321,23.9356977596196,11.9045512664376,23.8091025328752
"New Mexico",2024-01-20,8.61185945111562,25.8355783533469,12.0559068516654,24.1118137033308
"New Mexico",2024-01-27,9.19768116643322,27.5930434992997,12.201645107623,24.403290215246
"New Mexico",2024-02-03,9.72895302717152,29.1868590815145,12.3720858321112,24.7441716642225
"New Mexico",2024-02-10,10.2005058045479,30.6015174136437,12.5602906963128,25.1205813926256
"New Mexico",2024-02-17,10.6089615250115,31.8268845750345,12.7520049256359,25.5040098512718
"New Mexico",2024-02-24,10.9530713323241,32.8592139969723,12.9397796393527,25.8795592787053
"New Mexico",2024-03-02,11.4251815158464,34.2755445475393,13.1161659567352,26.2323319134704
"New Mexico",2024-03-09,11.5515493581583,34.6546480744748,13.2771390544747,26.5542781089495
"New Mexico",2024-03-16,11.6453880390142,34.9361641170427,13.4280704439385,26.856140887877
"New Mexico",2024-03-23,11.7288616046027,35.1865848138082,13.5737745552583,27.1475491105167
"New Mexico",2024-03-30,11.8241341011122,35.4724023033365,13.7190122355467,27.4380244710933
"New Mexico",2024-04-06,11.8241341011122,35.4724023033365,13.8700469792961,27.7400939585922
"New Mexico",2024-04-13,11.8241341011122,35.4724023033365,14.0258182493237,28.0516364986473
"New Mexico",2024-04-20,11.8241341011122,35.4724023033365,14.1766216016884,28.3532432033768
"New Mexico",2024-04-27,11.8241341011122,35.4724023033365,14.3126613401923,28.6253226803845
"New Mexico",2024-05-04,11.8241341011122,35.4724023033365,14.4255668245007,28.8511336490013
"New Mexico",2024-05-11,11.8241341011122,35.4724023033365,14.5220720708627,29.0441441417254
"New Mexico",2024-05-18,11.8241341011122,35.4724023033365,14.6087339900061,29.2174679800121
"New Mexico",2024-05-25,11.8241341011122,35.4724023033365,14.6903714081723,29.3807428163445
"New Mexico",2024-06-01,11.8241341011122,35.4724023033365,14.7717373770861,29.5434747541722
"New York",2023-08-05,0,0,0,0
"New York",2023-08-12,0,0,0,0
"New York",2023-08-19,0,0,0,0
"New York",2023-08-26,0,0,0,0
"New York",2023-09-02,0,0,0,0
"New York",2023-09-09,0,0,0.0440091807228842,0.0880183614457684
"New York",2023-09-16,0,0,0.279583383529737,0.559166767059474
"New York",2023-09-23,0,0,0.595767665723935,1.19153533144787
"New York",2023-09-30,0.103760307969825,0.311280923909475,1.00642258285262,2.01284516570525
"New York",2023-10-07,0.328003879603612,0.984011638810837,1.5195275063039,3.0390550126078
"New York",2023-10-14,0.63746167732669,1.91238503198007,2.13644092619914,4.27288185239828
"New York",2023-10-21,1.04170167151327,3.12510501453983,2.85196011301225,5.7039202260245
"New York",2023-10-28,1.54380735454283,4.63142206362849,3.65455944331272,7.30911888662544
"New York",2023-11-04,2.13949253200747,6.41847759602242,4.52667178033611,9.05334356067223
"New York",2023-11-11,2.81896427547938,8.45689282643816,5.44500444648971,10.8900088929794
"New York",2023-11-18,3.56881705290629,10.7064511587189,6.38146805024184,12.7629361004837
"New York",2023-11-25,4.37329780038033,13.119893401141,7.30602755056958,14.6120551011392
"New York",2023-12-02,5.21507460786791,15.6452238236037,8.19075217720179,16.3815043544036
"New York",2023-12-09,6.07568181996785,18.2270454599035,9.01331841668457,18.0266368333691
"New York",2023-12-16,6.93595113312768,20.8078533993831,9.75850811265634,19.5170162253127
"New York",2023-12-23,7.77686286550855,23.3305885965256,10.4181125949321,20.8362251898642
"New York",2023-12-30,8.58067153097221,25.7420145929166,10.9905037642455,21.9810075284909
"New York",2024-01-06,9.33187983312547,27.9956394993764,11.7546406406248,23.5092812812497
"New York",2024-01-13,10.017793286847,30.0533798605409,11.9954735723496,23.9909471446992
"New York",2024-01-20,10.6291416014591,31.8874248043774,12.1960885720103,24.3921771440205
"New York",2024-01-27,11.1610674537075,33.4832023611224,12.3889693539663,24.7779387079326
"New York",2024-02-03,11.613830654707,34.841491964121,12.6041265154956,25.2082530309912
"New York",2024-02-10,11.9924190799164,35.9772572397493,12.8243373106247,25.6486746212494
"New York",2024-02-17,12.3049451484825,36.9148354454474,13.0432314806989,26.0864629613978
"New York",2024-02-24,12.5607940991444,37.6823822974332,13.2677213072568,26.5354426145136
"New York",2024-03-02,12.5931496474308,37.7794489422923,13.5047190718372,27.0094381436744
"New York",2024-03-09,12.7887434243151,38.3662302729452,13.7822800439237,27.5645600878474
"New York",2024-03-16,12.9865087928722,38.9595263786165,14.1026038990757,28.2052077981514
"New York",2024-03-23,13.1697571949662,39.5092715848985,14.402907976944,28.805815953888
"New York",2024-03-30,13.3218000724613,39.9654002173839,14.6195824408081,29.2391648816162
"New York",2024-04-06,13.3218000724613,39.9654002173839,14.7379969065768,29.4759938131536
"New York",2024-04-13,13.3218000724613,39.9654002173839,14.8239102240346,29.6478204480692
"New York",2024-04-20,13.3218000724613,39.9654002173839,14.8954759811662,29.7909519623325
"New York",2024-04-27,13.3218000724613,39.9654002173839,14.9697616381803,29.9395232763606
"New York",2024-05-04,13.3218000724613,39.9654002173839,15.0639163937331,30.1278327874662
"New York",2024-05-11,13.3218000724613,39.9654002173839,15.1826398348951,30.3652796697902
"New York",2024-05-18,13.3218000724613,39.9654002173839,15.3069189361673,30.6138378723346
"New York",2024-05-25,13.3218000724613,39.9654002173839,15.4155104212112,30.8310208424224
"New York",2024-06-01,13.3218000724613,39.9654002173839,15.4877411677266,30.9754823354532
"Oregon",2023-08-05,0,0,0,0
"Oregon",2023-08-12,0,0,0,0
"Oregon",2023-08-19,0,0,0,0
"Oregon",2023-08-26,0,0,0,0
"Oregon",2023-09-02,0,0,0,0
"Oregon",2023-09-09,0,0,0.0781690054401609,0.156338010880322
"Oregon",2023-09-16,0,0,0.288442851225636,0.576885702451271
"Oregon",2023-09-23,0,0,0.566623137298343,1.13324627459669
"Oregon",2023-09-30,0,0,0.927946436259486,1.85589287251897
"Oregon",2023-10-07,0.0991066770673658,0.297320031202094,1.38543646936876,2.77087293873752
"Oregon",2023-10-14,0.279246955499446,0.837740866498335,1.94698920710833,3.89397841421667
"Oregon",2023-10-21,0.52605375518159,1.57816126554476,2.61377023461868,5.22754046923735
"Oregon",2023-10-28,0.846247383324755,2.53874214997426,3.37943891813366,6.75887783626733
"Oregon",2023-11-04,1.24226693923358,3.72680081770073,4.22978470594141,8.45956941188282
"Oregon",2023-11-11,1.71272560501514,5.1381768150454,5.1425263014521,10.2850526029042
"Oregon",2023-11-18,2.25314808530302,6.75944425590904,6.08792024373429,12.1758404874686
"Oregon",2023-11-25,2.85648946058701,8.56946838176103,7.03208539217284,14.0641707843457
"Oregon",2023-12-02,3.51342513805202,10.5402754141561,7.94214855718604,15.8842971143721
"Oregon",2023-12-09,4.2124432678766,12.6373298036298,8.7908677881733,17.5817355763466
"Oregon",2023-12-16,4.93992388781117,14.8197716634335,9.55876541752299,19.117530835046
"Oregon",2023-12-23,5.68059048068962,17.0417714420689,10.234256487934,20.468512975868
"Oregon",2023-12-30,6.41826737798725,19.2548021339618,10.813366576707,21.6267331534139
"Oregon",2024-01-06,7.13665128308361,21.4099538492508,11.6241626948275,23.248325389655
"Oregon",2024-01-13,7.81996055313371,23.4598816594011,11.8245899210763,23.6491798421527
"Oregon",2024-01-20,8.45395567263404,25.3618670179021,11.9858890413982,23.9717780827964
"Oregon",2024-01-27,9.02750463644586,27.0825139093376,12.1388296960571,24.2776593921142
"Oregon",2024-02-03,9.53394292319212,28.6018287695763,12.312571228176,24.6251424563519
"Oregon",2024-02-10,9.97135142698161,29.9140542809448,12.4998577078315,24.999715415663
"Oregon",2024-02-17,10.3415986082921,31.0247958248763,12.6873611209884,25.3747222419768
"Oregon",2024-02-24,10.6490933117974,31.9472799353921,12.8686548649109,25.7373097298219
"Oregon",2024-03-02,10.8944617316737,32.683385195021,13.0373123368635,26.0746246737271
"Oregon",2024-03-09,11.0607487322633,33.18224619679,13.1925941416626,26.3851882833253
"Oregon",2024-03-16,11.2036999576674,33.6110998730022,13.3401047438366,26.6802094876732
"Oregon",2024-03-23,11.3423590343357,34.027077103007,13.4777267738844,26.9554535477688
"Oregon",2024-03-30,11.495769588718,34.487308766154,13.603199052424,27.206398104848
"Oregon",2024-04-06,11.495769588718,34.487308766154,13.715512970111,27.431025940222
"Oregon",2024-04-13,11.495769588718,34.487308766154,13.8178572151756,27.6357144303512
"Oregon",2024-04-20,11.495769588718,34.487308766154,13.9137743070568,27.8275486141136
"Oregon",2024-04-27,11.495769588718,34.487308766154,14.0067916606778,28.0135833213556
"Oregon",2024-05-04,11.495769588718,34.487308766154,14.1019977153793,28.2039954307585
"Oregon",2024-05-11,11.495769588718,34.487308766154,14.2084336746705,28.416867349341
"Oregon",2024-05-18,11.495769588718,34.487308766154,14.3125310741229,28.6250621482458
"Oregon",2024-05-25,11.495769588718,34.487308766154,14.3968026381621,28.7936052763241
"Oregon",2024-06-01,11.495769588718,34.487308766154,14.4442745001718,28.8885490003435
"Tennessee",2023-08-05,0,0,0,0
"Tennessee",2023-08-12,0,0,0,0
"Tennessee",2023-08-19,0,0,0,0
"Tennessee",2023-08-26,0,0,0,0
"Tennessee",2023-09-02,0,0,0,0
"Tennessee",2023-09-09,0,0,0.121710606670004,0.243421213340008
"Tennessee",2023-09-16,0,0,0.306522094569525,0.61304418913905
"Tennessee",2023-09-23,0.0656173556788163,0.196852067036449,0.545301566647647,1.09060313329529
"Tennessee",2023-09-30,0.186819613271304,0.560458839813913,0.853992364288252,1.7079847285765
"Tennessee",2023-10-07,0.352062953205742,1.05618885961723,1.24902476866426,2.49804953732851
"Tennessee",2023-10-14,0.566234584625904,1.69870375387771,1.74270196888271,3.48540393776542
"Tennessee",2023-10-21,0.831976994584596,2.49593098375379,2.34058956866283,4.68117913732566
"Tennessee",2023-10-28,1.1537942100154,3.46138263004621,3.04019572932759,6.08039145865518
"Tennessee",2023-11-04,1.53659453984692,4.60978361954076,3.83029908452023,7.66059816904045
"Tennessee",2023-11-11,1.98336476207342,5.95009428622025,4.69047499730266,9.38094999460532
"Tennessee",2023-11-18,2.49374168260909,7.48122504782727,5.59150783078875,11.1830156615775
"Tennessee",2023-11-25,3.06319607917932,9.18958823753796,6.49906456852755,12.9981291370551
"Tennessee",2023-12-02,3.68257891580243,11.0477367474073,7.37961159816349,14.759223196327
"Tennessee",2023-12-09,4.33788450298694,13.0136535089608,8.20576942036117,16.4115388407223
"Tennessee",2023-12-16,5.01070294349692,15.0321088304908,8.95869405354337,17.9173881070867
"Tennessee",2023-12-23,5.68067537749036,17.0420261324711,9.62785730770564,19.2557146154113
"Tennessee",2023-12-30,6.32920570978824,18.9876171293647,10.2101389627991,20.4202779255982
"Tennessee",2024-01-06,6.94262571841374,20.8278771552412,10.9843236632449,21.9686473264898
"Tennessee",2024-01-13,7.51322410017173,22.5396723005152,11.2442337697872,22.4884675395744
"Tennessee",2024-01-20,8.0382209611234,24.1146628833702,11.4639217202656,22.9278434405312
"Tennessee",2024-01-27,8.51801519300218,25.5540455790065,11.6687474495045,23.337494899009
"Tennessee",2024-02-03,8.95442019635581,26.8632605890674,11.8819921167397,23.7639842334794
"Tennessee",2024-02-10,9.34933728213165,28.0480118463949,12.0886458677934,24.1772917355867
"Tennessee",2024-02-17,9.70412556055356,29.1123766816607,12.2860956133323,24.5721912266647
"Tennessee",2024-02-24,10.0195232346724,30.0585697040172,12.4833283552534,24.9666567105068
"Tennessee",2024-03-02,10.2980727432827,30.894218229848,12.6893310954533,25.3786621909065
"Tennessee",2024-03-09,10.5735416503736,31.7206249511209,12.9227718356314,25.8455436712628
"Tennessee",2024-03-16,10.8301198479621,32.4903595438862,13.1813961271794,26.3627922543588
"Tennessee",2024-03-23,11.0384924058893,33.115477217668,13.4265303473333,26.8530606946666
"Tennessee",2024-03-30,11.1693443939967,33.5080331819901,13.6190683746155,27.2381367492311
"Tennessee",2024-04-06,11.1693443939967,33.5080331819901,13.7543874095845,27.508774819169
"Tennessee",2024-04-13,11.1693443939967,33.5080331819901,13.8725370740823,27.7450741481647
"Tennessee",2024-04-20,11.1693443939967,33.5080331819901,13.9713017869357,27.9426035738714
"Tennessee",2024-04-27,11.1693443939967,33.5080331819901,14.0476307340145,28.095261468029
"Tennessee",2024-05-04,11.1693443939967,33.5080331819901,14.1009412037233,28.2018824074465
"Tennessee",2024-05-11,11.1693443939967,33.5080331819901,14.1474278988994,28.2948557977989
"Tennessee",2024-05-18,11.1693443939967,33.5080331819901,14.1862773106067,28.3725546212135
"Tennessee",2024-05-25,11.1693443939967,33.5080331819901,14.2121644261623,28.4243288523246
"Tennessee",2024-06-01,11.1693443939967,33.5080331819901,14.22,28.44
"Utah",2023-08-05,0,0,0,0
"Utah",2023-08-12,0,0,0,0
"Utah",2023-08-19,0,0,0,0
"Utah",2023-08-26,0,0,0,0
"Utah",2023-09-02,0,0,0,0
"Utah",2023-09-09,0,0,0.00629890842375829,0.0125978168475166
"Utah",2023-09-16,0,0,0.231922631923264,0.463845263846528
"Utah",2023-09-23,0.0317850815521746,0.0953552446565233,0.539286870840592,1.07857374168118
"Utah",2023-09-30,0.149629821171387,0.448889463514162,0.943605302425982,1.88721060485196
"Utah",2023-10-07,0.314363846773686,0.943091540321058,1.45461688427892,2.90923376855783
"Utah",2023-10-14,0.532475487031153,1.59742646109346,2.07507444361135,4.1501488872227
"Utah",2023-10-21,0.808939911377679,2.42681973413304,2.80040448705642,5.60080897411285
"Utah",2023-10-28,1.15232523932147,3.4569757179644,3.61879207360004,7.23758414720008
"Utah",2023-11-04,1.57220102524308,4.71660307572925,4.51139529560566,9.02279059121133
"Utah",2023-11-11,2.07559721340744,6.22679164022232,5.4526453093688,10.9052906187376
"Utah",2023-11-18,2.66487423712343,7.99462271137028,6.41130475715751,12.822609514315
"Utah",2023-11-25,3.33652548744209,10.0095764623263,7.35386287282998,14.70772574566
"Utah",2023-12-02,4.08048184495638,12.2414455348691,8.24937158065474,16.4987431613095
"Utah",2023-12-09,4.87962996053552,14.6388898816065,9.07357864409738,18.1471572881948
"Utah",2023-12-16,5.71009136090014,17.1302740827004,9.81056727877779,19.6211345575556
"Utah",2023-12-23,6.54402333045488,19.6320699913646,10.4524105873994,20.9048211747987
"Utah",2023-12-30,7.3541449437417,22.0624348312251,10.9984256420042,21.9968512840084
"Utah",2024-01-06,8.11785735270526,24.3535720581158,11.7170078668902,23.4340157337804
"Utah",2024-01-13,8.81913765769567,26.457412973087,11.9111656848675,23.8223313697351
"Utah",2024-01-20,9.44851473300443,28.3455441990132,12.0691572746532,24.1383145493064
"Utah",2024-01-27,10.0025443433018,30.0076330299055,12.2201938205558,24.4403876411116
"Utah",2024-02-03,10.4830003241703,31.4490009725109,12.3914917697911,24.7829835395822
"Utah",2024-02-10,10.895617089849,32.686851269547,12.5703972043379,25.1407944086759
"Utah",2024-02-17,11.2483829726381,33.7451489179144,12.7488932914158,25.4977865828315
"Utah",2024-02-24,11.5497481072299,34.6492443216898,12.929129105237,25.858258210474
"Utah",2024-03-02,11.5736641970212,34.7209925910635,13.1132537200143,26.2265074400286
"Utah",2024-03-09,11.8845034550672,35.6535103652015,13.310673778544,26.621347557088
"Utah",2024-03-16,12.216105830118,36.6483174903541,13.5219526831336,27.0439053662671
"Utah",2024-03-23,12.4874848359459,37.4624545078376,13.7253713848092,27.4507427696184
"Utah",2024-03-30,12.6176539863228,37.8529619589683,13.8989270862469,27.7978541724938
"Utah",2024-04-06,12.6176539863228,37.8529619589683,14.0430390656911,28.0860781313822
"Utah",2024-04-13,12.6176539863228,37.8529619589683,14.1797636911298,28.3595273822595
"Utah",2024-04-20,12.6176539863228,37.8529619589683,14.2982381471339,28.5964762942678
"Utah",2024-04-27,12.6176539863228,37.8529619589683,14.3870126775399,28.7740253550797
"Utah",2024-05-04,12.6176539863228,37.8529619589683,14.4379209506557,28.8758419013115
"Utah",2024-05-11,12.6176539863228,37.8529619589683,14.4715664810294,28.9431329620589
"Utah",2024-05-18,12.6176539863228,37.8529619589683,14.4974072305452,28.9948144610904
"Utah",2024-05-25,12.6176539863228,37.8529619589683,14.5199313300254,29.0398626600508
"Utah",2024-06-01,12.6176539863228,37.8529619589683,14.5435637317266,29.0871274634532
