End Date of MMWR Week,Respiratory Illness,Age Group,Weekly Count ED Visits,as_of
2022-09-17,COVID-19,All Ages,58147,2023-09-14
2022-09-17,COVID-19,00-01 Years,3512,2023-09-14
2022-09-17,COVID-19,02-04 Years,1536,2023-09-14
2022-09-17,COVID-19,05-11 Years,2311,2023-09-14
2022-09-17,COVID-19,12-17 Years,2526,2023-09-14
2022-09-17,COVID-19,18-64 Years,29216,2023-09-14
2022-09-17,COVID-19,65+ Years,19046,2023-09-14
2022-09-17,Influenza,All Ages,5518,2023-09-14
2022-09-17,Influenza,00-01 Years,425,2023-09-14
2022-09-17,Influenza,02-04 Years,807,2023-09-14
2022-09-17,Influenza,05-11 Years,1339,2023-09-14
2022-09-17,Influenza,12-17 Years,705,2023-09-14
2022-09-17,Influenza,18-64 Years,1818,2023-09-14
2022-09-17,Influenza,65+ Years,424,2023-09-14
2022-09-17,RSV,All Ages,8296,2023-09-14
2022-09-17,RSV,00-01 Years,4551,2023-09-14
2022-09-17,RSV,02-04 Years,2256,2023-09-14
2022-09-17,RSV,05-11 Years,794,2023-09-14
2022-09-17,RSV,12-17 Years,67,2023-09-14
2022-09-17,RSV,18-64 Years,412,2023-09-14
2022-09-17,RSV,65+ Years,216,2023-09-14
2022-09-17,Combined,All Ages,71961,2023-09-14
2022-09-17,Combined,00-01 Years,8488,2023-09-14
2022-09-17,Combined,02-04 Years,4599,2023-09-14
2022-09-17,Combined,05-11 Years,4444,2023-09-14
2022-09-17,Combined,12-17 Years,3298,2023-09-14
2022-09-17,Combined,18-64 Years,31446,2023-09-14
2022-09-17,Combined,65+ Years,19686,2023-09-14
2022-09-24,COVID-19,All Ages,50483,2023-09-14
2022-09-24,COVID-19,00-01 Years,2900,2023-09-14
2022-09-24,COVID-19,02-04 Years,1159,2023-09-14
2022-09-24,COVID-19,05-11 Years,1676,2023-09-14
2022-09-24,COVID-19,12-17 Years,1968,2023-09-14
2022-09-24,COVID-19,18-64 Years,24977,2023-09-14
2022-09-24,COVID-19,65+ Years,17803,2023-09-14
2022-09-24,Influenza,All Ages,8215,2023-09-14
2022-09-24,Influenza,00-01 Years,648,2023-09-14
2022-09-24,Influenza,02-04 Years,1159,2023-09-14
2022-09-24,Influenza,05-11 Years,2352,2023-09-14
2022-09-24,Influenza,12-17 Years,1238,2023-09-14
2022-09-24,Influenza,18-64 Years,2287,2023-09-14
2022-09-24,Influenza,65+ Years,531,2023-09-14
2022-09-24,RSV,All Ages,10908,2023-09-14
2022-09-24,RSV,00-01 Years,5886,2023-09-14
2022-09-24,RSV,02-04 Years,3098,2023-09-14
2022-09-24,RSV,05-11 Years,1131,2023-09-14
2022-09-24,RSV,12-17 Years,63,2023-09-14
2022-09-24,RSV,18-64 Years,482,2023-09-14
2022-09-24,RSV,65+ Years,248,2023-09-14
2022-09-24,Combined,All Ages,69606,2023-09-14
2022-09-24,Combined,00-01 Years,9434,2023-09-14
2022-09-24,Combined,02-04 Years,5416,2023-09-14
2022-09-24,Combined,05-11 Years,5159,2023-09-14
2022-09-24,Combined,12-17 Years,3269,2023-09-14
2022-09-24,Combined,18-64 Years,27746,2023-09-14
2022-09-24,Combined,65+ Years,18582,2023-09-14
2022-10-01,COVID-19,All Ages,44245,2023-09-14
2022-10-01,COVID-19,00-01 Years,2457,2023-09-14
2022-10-01,COVID-19,02-04 Years,984,2023-09-14
2022-10-01,COVID-19,05-11 Years,1237,2023-09-14
2022-10-01,COVID-19,12-17 Years,1332,2023-09-14
2022-10-01,COVID-19,18-64 Years,21424,2023-09-14
2022-10-01,COVID-19,65+ Years,16811,2023-09-14
2022-10-01,Influenza,All Ages,11403,2023-09-14
2022-10-01,Influenza,00-01 Years,809,2023-09-14
2022-10-01,Influenza,02-04 Years,1524,2023-09-14
2022-10-01,Influenza,05-11 Years,3300,2023-09-14
2022-10-01,Influenza,12-17 Years,1863,2023-09-14
2022-10-01,Influenza,18-64 Years,3232,2023-09-14
2022-10-01,Influenza,65+ Years,675,2023-09-14
2022-10-01,RSV,All Ages,13223,2023-09-14
2022-10-01,RSV,00-01 Years,7110,2023-09-14
2022-10-01,RSV,02-04 Years,3671,2023-09-14
2022-10-01,RSV,05-11 Years,1465,2023-09-14
2022-10-01,RSV,12-17 Years,81,2023-09-14
2022-10-01,RSV,18-64 Years,600,2023-09-14
2022-10-01,RSV,65+ Years,296,2023-09-14
2022-10-01,Combined,All Ages,68871,2023-09-14
2022-10-01,Combined,00-01 Years,10376,2023-09-14
2022-10-01,Combined,02-04 Years,6179,2023-09-14
2022-10-01,Combined,05-11 Years,6002,2023-09-14
2022-10-01,Combined,12-17 Years,3276,2023-09-14
2022-10-01,Combined,18-64 Years,25256,2023-09-14
2022-10-01,Combined,65+ Years,17782,2023-09-14
2022-10-08,COVID-19,All Ages,41062,2023-10-10
2022-10-08,COVID-19,00-01 Years,2168,2023-10-10
2022-10-08,COVID-19,02-04 Years,849,2023-10-10
2022-10-08,COVID-19,05-11 Years,981,2023-10-10
2022-10-08,COVID-19,12-17 Years,1124,2023-10-10
2022-10-08,COVID-19,18-64 Years,19630,2023-10-10
2022-10-08,COVID-19,65+ Years,16310,2023-10-10
2022-10-08,Influenza,All Ages,16363,2023-10-10
2022-10-08,Influenza,00-01 Years,1164,2023-10-10
2022-10-08,Influenza,02-04 Years,2118,2023-10-10
2022-10-08,Influenza,05-11 Years,4686,2023-10-10
2022-10-08,Influenza,12-17 Years,2534,2023-10-10
2022-10-08,Influenza,18-64 Years,4921,2023-10-10
2022-10-08,Influenza,65+ Years,940,2023-10-10
2022-10-08,RSV,All Ages,14684,2023-10-10
2022-10-08,RSV,00-01 Years,8403,2023-10-10
2022-10-08,RSV,02-04 Years,3859,2023-10-10
2022-10-08,RSV,05-11 Years,1394,2023-10-10
2022-10-08,RSV,12-17 Years,80,2023-10-10
2022-10-08,RSV,18-64 Years,578,2023-10-10
2022-10-08,RSV,65+ Years,370,2023-10-10
2022-10-08,Combined,All Ages,72109,2023-10-10
2022-10-08,Combined,00-01 Years,11735,2023-10-10
2022-10-08,Combined,02-04 Years,6826,2023-10-10
2022-10-08,Combined,05-11 Years,7061,2023-10-10
2022-10-08,Combined,12-17 Years,3738,2023-10-10
2022-10-08,Combined,18-64 Years,25129,2023-10-10
2022-10-08,Combined,65+ Years,17620,2023-10-10
2022-10-15,COVID-19,All Ages,40639,2023-10-10
2022-10-15,COVID-19,00-01 Years,2191,2023-10-10
2022-10-15,COVID-19,02-04 Years,858,2023-10-10
2022-10-15,COVID-19,05-11 Years,955,2023-10-10
2022-10-15,COVID-19,12-17 Years,958,2023-10-10
2022-10-15,COVID-19,18-64 Years,19417,2023-10-10
2022-10-15,COVID-19,65+ Years,16260,2023-10-10
2022-10-15,Influenza,All Ages,22201,2023-10-10
2022-10-15,Influenza,00-01 Years,1573,2023-10-10
2022-10-15,Influenza,02-04 Years,2789,2023-10-10
2022-10-15,Influenza,05-11 Years,6097,2023-10-10
2022-10-15,Influenza,12-17 Years,3376,2023-10-10
2022-10-15,Influenza,18-64 Years,6996,2023-10-10
2022-10-15,Influenza,65+ Years,1370,2023-10-10
2022-10-15,RSV,All Ages,18302,2023-10-10
2022-10-15,RSV,00-01 Years,10313,2023-10-10
2022-10-15,RSV,02-04 Years,4852,2023-10-10
2022-10-15,RSV,05-11 Years,1703,2023-10-10
2022-10-15,RSV,12-17 Years,103,2023-10-10
2022-10-15,RSV,18-64 Years,821,2023-10-10
2022-10-15,RSV,65+ Years,510,2023-10-10
2022-10-15,Combined,All Ages,81142,2023-10-10
2022-10-15,Combined,00-01 Years,14077,2023-10-10
2022-10-15,Combined,02-04 Years,8499,2023-10-10
2022-10-15,Combined,05-11 Years,8755,2023-10-10
2022-10-15,Combined,12-17 Years,4437,2023-10-10
2022-10-15,Combined,18-64 Years,27234,2023-10-10
2022-10-15,Combined,65+ Years,18140,2023-10-10
2022-10-22,COVID-19,All Ages,40188,2023-10-20
2022-10-22,COVID-19,00-01 Years,2296,2023-10-20
2022-10-22,COVID-19,02-04 Years,802,2023-10-20
2022-10-22,COVID-19,05-11 Years,963,2023-10-20
2022-10-22,COVID-19,12-17 Years,894,2023-10-20
2022-10-22,COVID-19,18-64 Years,18980,2023-10-20
2022-10-22,COVID-19,65+ Years,16253,2023-10-20
2022-10-22,Influenza,All Ages,32035,2023-10-20
2022-10-22,Influenza,00-01 Years,2125,2023-10-20
2022-10-22,Influenza,02-04 Years,3729,2023-10-20
2022-10-22,Influenza,05-11 Years,8938,2023-10-20
2022-10-22,Influenza,12-17 Years,5057,2023-10-20
2022-10-22,Influenza,18-64 Years,10242,2023-10-20
2022-10-22,Influenza,65+ Years,1944,2023-10-20
2022-10-22,RSV,All Ages,20969,2023-10-20
2022-10-22,RSV,00-01 Years,11816,2023-10-20
2022-10-22,RSV,02-04 Years,5381,2023-10-20
2022-10-22,RSV,05-11 Years,1958,2023-10-20
2022-10-22,RSV,12-17 Years,144,2023-10-20
2022-10-22,RSV,18-64 Years,987,2023-10-20
2022-10-22,RSV,65+ Years,683,2023-10-20
2022-10-22,Combined,All Ages,93192,2023-10-20
2022-10-22,Combined,00-01 Years,16237,2023-10-20
2022-10-22,Combined,02-04 Years,9912,2023-10-20
2022-10-22,Combined,05-11 Years,11859,2023-10-20
2022-10-22,Combined,12-17 Years,6095,2023-10-20
2022-10-22,Combined,18-64 Years,30209,2023-10-20
2022-10-22,Combined,65+ Years,18880,2023-10-20
2022-10-29,COVID-19,All Ages,43082,2023-10-27
2022-10-29,COVID-19,00-01 Years,2632,2023-10-27
2022-10-29,COVID-19,02-04 Years,924,2023-10-27
2022-10-29,COVID-19,05-11 Years,1171,2023-10-27
2022-10-29,COVID-19,12-17 Years,1173,2023-10-27
2022-10-29,COVID-19,18-64 Years,20473,2023-10-27
2022-10-29,COVID-19,65+ Years,16709,2023-10-27
2022-10-29,Influenza,All Ages,63884,2023-10-27
2022-10-29,Influenza,00-01 Years,3769,2023-10-27
2022-10-29,Influenza,02-04 Years,7245,2023-10-27
2022-10-29,Influenza,05-11 Years,18660,2023-10-27
2022-10-29,Influenza,12-17 Years,10389,2023-10-27
2022-10-29,Influenza,18-64 Years,20231,2023-10-27
2022-10-29,Influenza,65+ Years,3590,2023-10-27
2022-10-29,RSV,All Ages,26009,2023-10-27
2022-10-29,RSV,00-01 Years,14218,2023-10-27
2022-10-29,RSV,02-04 Years,6745,2023-10-27
2022-10-29,RSV,05-11 Years,2680,2023-10-27
2022-10-29,RSV,12-17 Years,219,2023-10-27
2022-10-29,RSV,18-64 Years,1283,2023-10-27
2022-10-29,RSV,65+ Years,864,2023-10-27
2022-10-29,Combined,All Ages,132975,2023-10-27
2022-10-29,Combined,00-01 Years,20619,2023-10-27
2022-10-29,Combined,02-04 Years,14914,2023-10-27
2022-10-29,Combined,05-11 Years,22511,2023-10-27
2022-10-29,Combined,12-17 Years,11781,2023-10-27
2022-10-29,Combined,18-64 Years,41987,2023-10-27
2022-10-29,Combined,65+ Years,21163,2023-10-27
2022-11-05,COVID-19,All Ages,45710,2023-11-03
2022-11-05,COVID-19,00-01 Years,2902,2023-11-03
2022-11-05,COVID-19,02-04 Years,1024,2023-11-03
2022-11-05,COVID-19,05-11 Years,1226,2023-11-03
2022-11-05,COVID-19,12-17 Years,1359,2023-11-03
2022-11-05,COVID-19,18-64 Years,22358,2023-11-03
2022-11-05,COVID-19,65+ Years,16841,2023-11-03
2022-11-05,Influenza,All Ages,98105,2023-11-03
2022-11-05,Influenza,00-01 Years,5974,2023-11-03
2022-11-05,Influenza,02-04 Years,10887,2023-11-03
2022-11-05,Influenza,05-11 Years,28168,2023-11-03
2022-11-05,Influenza,12-17 Years,14984,2023-11-03
2022-11-05,Influenza,18-64 Years,32824,2023-11-03
2022-11-05,Influenza,65+ Years,5268,2023-11-03
2022-11-05,RSV,All Ages,30570,2023-11-03
2022-11-05,RSV,00-01 Years,16454,2023-11-03
2022-11-05,RSV,02-04 Years,7725,2023-11-03
2022-11-05,RSV,05-11 Years,3188,2023-11-03
2022-11-05,RSV,12-17 Years,293,2023-11-03
2022-11-05,RSV,18-64 Years,1695,2023-11-03
2022-11-05,RSV,65+ Years,1215,2023-11-03
2022-11-05,Combined,All Ages,174385,2023-11-03
2022-11-05,Combined,00-01 Years,25330,2023-11-03
2022-11-05,Combined,02-04 Years,19636,2023-11-03
2022-11-05,Combined,05-11 Years,32582,2023-11-03
2022-11-05,Combined,12-17 Years,16636,2023-11-03
2022-11-05,Combined,18-64 Years,56877,2023-11-03
2022-11-05,Combined,65+ Years,23324,2023-11-03
2022-11-12,COVID-19,All Ages,44816,2023-11-03
2022-11-12,COVID-19,00-01 Years,3022,2023-11-03
2022-11-12,COVID-19,02-04 Years,1013,2023-11-03
2022-11-12,COVID-19,05-11 Years,1257,2023-11-03
2022-11-12,COVID-19,12-17 Years,1178,2023-11-03
2022-11-12,COVID-19,18-64 Years,21865,2023-11-03
2022-11-12,COVID-19,65+ Years,16481,2023-11-03
2022-11-12,Influenza,All Ages,102292,2023-11-03
2022-11-12,Influenza,00-01 Years,6991,2023-11-03
2022-11-12,Influenza,02-04 Years,12211,2023-11-03
2022-11-12,Influenza,05-11 Years,27402,2023-11-03
2022-11-12,Influenza,12-17 Years,13786,2023-11-03
2022-11-12,Influenza,18-64 Years,35216,2023-11-03
2022-11-12,Influenza,65+ Years,6686,2023-11-03
2022-11-12,RSV,All Ages,32043,2023-11-03
2022-11-12,RSV,00-01 Years,17444,2023-11-03
2022-11-12,RSV,02-04 Years,7939,2023-11-03
2022-11-12,RSV,05-11 Years,2944,2023-11-03
2022-11-12,RSV,12-17 Years,342,2023-11-03
2022-11-12,RSV,18-64 Years,1976,2023-11-03
2022-11-12,RSV,65+ Years,1398,2023-11-03
2022-11-12,Combined,All Ages,179151,2023-11-03
2022-11-12,Combined,00-01 Years,27457,2023-11-03
2022-11-12,Combined,02-04 Years,21163,2023-11-03
2022-11-12,Combined,05-11 Years,31603,2023-11-03
2022-11-12,Combined,12-17 Years,15306,2023-11-03
2022-11-12,Combined,18-64 Years,59057,2023-11-03
2022-11-12,Combined,65+ Years,24565,2023-11-03
2022-11-19,COVID-19,All Ages,44324,2023-11-03
2022-11-19,COVID-19,00-01 Years,2984,2023-11-03
2022-11-19,COVID-19,02-04 Years,972,2023-11-03
2022-11-19,COVID-19,05-11 Years,1170,2023-11-03
2022-11-19,COVID-19,12-17 Years,1157,2023-11-03
2022-11-19,COVID-19,18-64 Years,21648,2023-11-03
2022-11-19,COVID-19,65+ Years,16393,2023-11-03
2022-11-19,Influenza,All Ages,107108,2023-11-03
2022-11-19,Influenza,00-01 Years,7269,2023-11-03
2022-11-19,Influenza,02-04 Years,12488,2023-11-03
2022-11-19,Influenza,05-11 Years,27727,2023-11-03
2022-11-19,Influenza,12-17 Years,13231,2023-11-03
2022-11-19,Influenza,18-64 Years,38336,2023-11-03
2022-11-19,Influenza,65+ Years,8057,2023-11-03
2022-11-19,RSV,All Ages,28347,2023-11-03
2022-11-19,RSV,00-01 Years,15480,2023-11-03
2022-11-19,RSV,02-04 Years,6624,2023-11-03
2022-11-19,RSV,05-11 Years,2331,2023-11-03
2022-11-19,RSV,12-17 Years,318,2023-11-03
2022-11-19,RSV,18-64 Years,2061,2023-11-03
2022-11-19,RSV,65+ Years,1533,2023-11-03
2022-11-19,Combined,All Ages,179779,2023-11-03
2022-11-19,Combined,00-01 Years,25733,2023-11-03
2022-11-19,Combined,02-04 Years,20084,2023-11-03
2022-11-19,Combined,05-11 Years,31228,2023-11-03
2022-11-19,Combined,12-17 Years,14706,2023-11-03
2022-11-19,Combined,18-64 Years,62045,2023-11-03
2022-11-19,Combined,65+ Years,25983,2023-11-03
2022-11-26,COVID-19,All Ages,56652,2023-11-03
2022-11-26,COVID-19,00-01 Years,3812,2023-11-03
2022-11-26,COVID-19,02-04 Years,1207,2023-11-03
2022-11-26,COVID-19,05-11 Years,1427,2023-11-03
2022-11-26,COVID-19,12-17 Years,1230,2023-11-03
2022-11-26,COVID-19,18-64 Years,27544,2023-11-03
2022-11-26,COVID-19,65+ Years,21432,2023-11-03
2022-11-26,Influenza,All Ages,169217,2023-11-03
2022-11-26,Influenza,00-01 Years,12379,2023-11-03
2022-11-26,Influenza,02-04 Years,19087,2023-11-03
2022-11-26,Influenza,05-11 Years,37439,2023-11-03
2022-11-26,Influenza,12-17 Years,16876,2023-11-03
2022-11-26,Influenza,18-64 Years,66563,2023-11-03
2022-11-26,Influenza,65+ Years,16873,2023-11-03
2022-11-26,RSV,All Ages,26201,2023-11-03
2022-11-26,RSV,00-01 Years,13692,2023-11-03
2022-11-26,RSV,02-04 Years,6007,2023-11-03
2022-11-26,RSV,05-11 Years,2086,2023-11-03
2022-11-26,RSV,12-17 Years,316,2023-11-03
2022-11-26,RSV,18-64 Years,2257,2023-11-03
2022-11-26,RSV,65+ Years,1843,2023-11-03
2022-11-26,Combined,All Ages,252070,2023-11-03
2022-11-26,Combined,00-01 Years,29883,2023-11-03
2022-11-26,Combined,02-04 Years,26301,2023-11-03
2022-11-26,Combined,05-11 Years,40952,2023-11-03
2022-11-26,Combined,12-17 Years,18422,2023-11-03
2022-11-26,Combined,18-64 Years,96364,2023-11-03
2022-11-26,Combined,65+ Years,40148,2023-11-03
2022-12-03,COVID-19,All Ages,69878,2023-11-03
2022-12-03,COVID-19,00-01 Years,5063,2023-11-03
2022-12-03,COVID-19,02-04 Years,1378,2023-11-03
2022-12-03,COVID-19,05-11 Years,1535,2023-11-03
2022-12-03,COVID-19,12-17 Years,1606,2023-11-03
2022-12-03,COVID-19,18-64 Years,34986,2023-11-03
2022-12-03,COVID-19,65+ Years,25310,2023-11-03
2022-12-03,Influenza,All Ages,168266,2023-11-03
2022-12-03,Influenza,00-01 Years,12693,2023-11-03
2022-12-03,Influenza,02-04 Years,17730,2023-11-03
2022-12-03,Influenza,05-11 Years,25793,2023-11-03
2022-12-03,Influenza,12-17 Years,13044,2023-11-03
2022-12-03,Influenza,18-64 Years,76768,2023-11-03
2022-12-03,Influenza,65+ Years,22238,2023-11-03
2022-12-03,RSV,All Ages,22662,2023-11-03
2022-12-03,RSV,00-01 Years,12248,2023-11-03
2022-12-03,RSV,02-04 Years,4406,2023-11-03
2022-12-03,RSV,05-11 Years,1198,2023-11-03
2022-12-03,RSV,12-17 Years,331,2023-11-03
2022-12-03,RSV,18-64 Years,2398,2023-11-03
2022-12-03,RSV,65+ Years,2081,2023-11-03
2022-12-03,Combined,All Ages,260806,2023-11-03
2022-12-03,Combined,00-01 Years,30004,2023-11-03
2022-12-03,Combined,02-04 Years,23514,2023-11-03
2022-12-03,Combined,05-11 Years,28526,2023-11-03
2022-12-03,Combined,12-17 Years,14981,2023-11-03
2022-12-03,Combined,18-64 Years,114152,2023-11-03
2022-12-03,Combined,65+ Years,49629,2023-11-03
2022-12-10,COVID-19,All Ages,70653,2023-11-03
2022-12-10,COVID-19,00-01 Years,4548,2023-11-03
2022-12-10,COVID-19,02-04 Years,1430,2023-11-03
2022-12-10,COVID-19,05-11 Years,1984,2023-11-03
2022-12-10,COVID-19,12-17 Years,1952,2023-11-03
2022-12-10,COVID-19,18-64 Years,35403,2023-11-03
2022-12-10,COVID-19,65+ Years,25336,2023-11-03
2022-12-10,Influenza,All Ages,149867,2023-11-03
2022-12-10,Influenza,00-01 Years,10012,2023-11-03
2022-12-10,Influenza,02-04 Years,15927,2023-11-03
2022-12-10,Influenza,05-11 Years,31753,2023-11-03
2022-12-10,Influenza,12-17 Years,14243,2023-11-03
2022-12-10,Influenza,18-64 Years,59944,2023-11-03
2022-12-10,Influenza,65+ Years,17988,2023-11-03
2022-12-10,RSV,All Ages,17098,2023-11-03
2022-12-10,RSV,00-01 Years,8475,2023-11-03
2022-12-10,RSV,02-04 Years,3132,2023-11-03
2022-12-10,RSV,05-11 Years,1023,2023-11-03
2022-12-10,RSV,12-17 Years,287,2023-11-03
2022-12-10,RSV,18-64 Years,2077,2023-11-03
2022-12-10,RSV,65+ Years,2104,2023-11-03
2022-12-10,Combined,All Ages,237618,2023-11-03
2022-12-10,Combined,00-01 Years,23035,2023-11-03
2022-12-10,Combined,02-04 Years,20489,2023-11-03
2022-12-10,Combined,05-11 Years,34760,2023-11-03
2022-12-10,Combined,12-17 Years,16482,2023-11-03
2022-12-10,Combined,18-64 Years,97424,2023-11-03
2022-12-10,Combined,65+ Years,45428,2023-11-03
2022-12-17,COVID-19,All Ages,71947,2023-11-03
2022-12-17,COVID-19,00-01 Years,4758,2023-11-03
2022-12-17,COVID-19,02-04 Years,1531,2023-11-03
2022-12-17,COVID-19,05-11 Years,2235,2023-11-03
2022-12-17,COVID-19,12-17 Years,2173,2023-11-03
2022-12-17,COVID-19,18-64 Years,35409,2023-11-03
2022-12-17,COVID-19,65+ Years,25841,2023-11-03
2022-12-17,Influenza,All Ages,129328,2023-11-03
2022-12-17,Influenza,00-01 Years,8703,2023-11-03
2022-12-17,Influenza,02-04 Years,13582,2023-11-03
2022-12-17,Influenza,05-11 Years,27254,2023-11-03
2022-12-17,Influenza,12-17 Years,12228,2023-11-03
2022-12-17,Influenza,18-64 Years,51507,2023-11-03
2022-12-17,Influenza,65+ Years,16054,2023-11-03
2022-12-17,RSV,All Ages,13537,2023-11-03
2022-12-17,RSV,00-01 Years,6615,2023-11-03
2022-12-17,RSV,02-04 Years,2512,2023-11-03
2022-12-17,RSV,05-11 Years,831,2023-11-03
2022-12-17,RSV,12-17 Years,221,2023-11-03
2022-12-17,RSV,18-64 Years,1674,2023-11-03
2022-12-17,RSV,65+ Years,1684,2023-11-03
2022-12-17,Combined,All Ages,214812,2023-11-03
2022-12-17,Combined,00-01 Years,20076,2023-11-03
2022-12-17,Combined,02-04 Years,17625,2023-11-03
2022-12-17,Combined,05-11 Years,30320,2023-11-03
2022-12-17,Combined,12-17 Years,14622,2023-11-03
2022-12-17,Combined,18-64 Years,88590,2023-11-03
2022-12-17,Combined,65+ Years,43579,2023-11-03
2022-12-24,COVID-19,All Ages,73772,2023-11-03
2022-12-24,COVID-19,00-01 Years,5214,2023-11-03
2022-12-24,COVID-19,02-04 Years,1455,2023-11-03
2022-12-24,COVID-19,05-11 Years,1831,2023-11-03
2022-12-24,COVID-19,12-17 Years,1682,2023-11-03
2022-12-24,COVID-19,18-64 Years,35948,2023-11-03
2022-12-24,COVID-19,65+ Years,27642,2023-11-03
2022-12-24,Influenza,All Ages,103746,2023-11-03
2022-12-24,Influenza,00-01 Years,7342,2023-11-03
2022-12-24,Influenza,02-04 Years,10519,2023-11-03
2022-12-24,Influenza,05-11 Years,17852,2023-11-03
2022-12-24,Influenza,12-17 Years,7534,2023-11-03
2022-12-24,Influenza,18-64 Years,44570,2023-11-03
2022-12-24,Influenza,65+ Years,15929,2023-11-03
2022-12-24,RSV,All Ages,10452,2023-11-03
2022-12-24,RSV,00-01 Years,5174,2023-11-03
2022-12-24,RSV,02-04 Years,1883,2023-11-03
2022-12-24,RSV,05-11 Years,586,2023-11-03
2022-12-24,RSV,12-17 Years,167,2023-11-03
2022-12-24,RSV,18-64 Years,1253,2023-11-03
2022-12-24,RSV,65+ Years,1389,2023-11-03
2022-12-24,Combined,All Ages,187970,2023-11-03
2022-12-24,Combined,00-01 Years,17730,2023-11-03
2022-12-24,Combined,02-04 Years,13857,2023-11-03
2022-12-24,Combined,05-11 Years,20269,2023-11-03
2022-12-24,Combined,12-17 Years,9383,2023-11-03
2022-12-24,Combined,18-64 Years,81771,2023-11-03
2022-12-24,Combined,65+ Years,44960,2023-11-03
2022-12-31,COVID-19,All Ages,92476,2023-11-03
2022-12-31,COVID-19,00-01 Years,6953,2023-11-03
2022-12-31,COVID-19,02-04 Years,1652,2023-11-03
2022-12-31,COVID-19,05-11 Years,1414,2023-11-03
2022-12-31,COVID-19,12-17 Years,1388,2023-11-03
2022-12-31,COVID-19,18-64 Years,45197,2023-11-03
2022-12-31,COVID-19,65+ Years,35872,2023-11-03
2022-12-31,Influenza,All Ages,88879,2023-11-03
2022-12-31,Influenza,00-01 Years,7016,2023-11-03
2022-12-31,Influenza,02-04 Years,8348,2023-11-03
2022-12-31,Influenza,05-11 Years,8867,2023-11-03
2022-12-31,Influenza,12-17 Years,3793,2023-11-03
2022-12-31,Influenza,18-64 Years,42966,2023-11-03
2022-12-31,Influenza,65+ Years,17889,2023-11-03
2022-12-31,RSV,All Ages,9982,2023-11-03
2022-12-31,RSV,00-01 Years,5018,2023-11-03
2022-12-31,RSV,02-04 Years,1537,2023-11-03
2022-12-31,RSV,05-11 Years,352,2023-11-03
2022-12-31,RSV,12-17 Years,112,2023-11-03
2022-12-31,RSV,18-64 Years,1380,2023-11-03
2022-12-31,RSV,65+ Years,1583,2023-11-03
2022-12-31,Combined,All Ages,191337,2023-11-03
2022-12-31,Combined,00-01 Years,18987,2023-11-03
2022-12-31,Combined,02-04 Years,11537,2023-11-03
2022-12-31,Combined,05-11 Years,10633,2023-11-03
2022-12-31,Combined,12-17 Years,5293,2023-11-03
2022-12-31,Combined,18-64 Years,89543,2023-11-03
2022-12-31,Combined,65+ Years,55344,2023-11-03
2023-01-07,COVID-19,All Ages,83102,2023-11-03
2023-01-07,COVID-19,00-01 Years,5717,2023-11-03
2023-01-07,COVID-19,02-04 Years,1383,2023-11-03
2023-01-07,COVID-19,05-11 Years,1276,2023-11-03
2023-01-07,COVID-19,12-17 Years,1458,2023-11-03
2023-01-07,COVID-19,18-64 Years,41406,2023-11-03
2023-01-07,COVID-19,65+ Years,31862,2023-11-03
2023-01-07,Influenza,All Ages,49705,2023-11-03
2023-01-07,Influenza,00-01 Years,3726,2023-11-03
2023-01-07,Influenza,02-04 Years,4343,2023-11-03
2023-01-07,Influenza,05-11 Years,3864,2023-11-03
2023-01-07,Influenza,12-17 Years,2055,2023-11-03
2023-01-07,Influenza,18-64 Years,24911,2023-11-03
2023-01-07,Influenza,65+ Years,10806,2023-11-03
2023-01-07,RSV,All Ages,8403,2023-11-03
2023-01-07,RSV,00-01 Years,4183,2023-11-03
2023-01-07,RSV,02-04 Years,1195,2023-11-03
2023-01-07,RSV,05-11 Years,192,2023-11-03
2023-01-07,RSV,12-17 Years,111,2023-11-03
2023-01-07,RSV,18-64 Years,1202,2023-11-03
2023-01-07,RSV,65+ Years,1520,2023-11-03
2023-01-07,Combined,All Ages,141210,2023-11-03
2023-01-07,Combined,00-01 Years,13626,2023-11-03
2023-01-07,Combined,02-04 Years,6921,2023-11-03
2023-01-07,Combined,05-11 Years,5332,2023-11-03
2023-01-07,Combined,12-17 Years,3624,2023-11-03
2023-01-07,Combined,18-64 Years,67519,2023-11-03
2023-01-07,Combined,65+ Years,44188,2023-11-03
2023-01-14,COVID-19,All Ages,60183,2023-11-03
2023-01-14,COVID-19,00-01 Years,4114,2023-11-03
2023-01-14,COVID-19,02-04 Years,1027,2023-11-03
2023-01-14,COVID-19,05-11 Years,1457,2023-11-03
2023-01-14,COVID-19,12-17 Years,1528,2023-11-03
2023-01-14,COVID-19,18-64 Years,29604,2023-11-03
2023-01-14,COVID-19,65+ Years,22453,2023-11-03
2023-01-14,Influenza,All Ages,23794,2023-11-03
2023-01-14,Influenza,00-01 Years,1710,2023-11-03
2023-01-14,Influenza,02-04 Years,2260,2023-11-03
2023-01-14,Influenza,05-11 Years,2818,2023-11-03
2023-01-14,Influenza,12-17 Years,1330,2023-11-03
2023-01-14,Influenza,18-64 Years,11279,2023-11-03
2023-01-14,Influenza,65+ Years,4397,2023-11-03
2023-01-14,RSV,All Ages,5292,2023-11-03
2023-01-14,RSV,00-01 Years,2581,2023-11-03
2023-01-14,RSV,02-04 Years,699,2023-11-03
2023-01-14,RSV,05-11 Years,129,2023-11-03
2023-01-14,RSV,12-17 Years,74,2023-11-03
2023-01-14,RSV,18-64 Years,841,2023-11-03
2023-01-14,RSV,65+ Years,968,2023-11-03
2023-01-14,Combined,All Ages,89269,2023-11-03
2023-01-14,Combined,00-01 Years,8405,2023-11-03
2023-01-14,Combined,02-04 Years,3986,2023-11-03
2023-01-14,Combined,05-11 Years,4404,2023-11-03
2023-01-14,Combined,12-17 Years,2932,2023-11-03
2023-01-14,Combined,18-64 Years,41724,2023-11-03
2023-01-14,Combined,65+ Years,27818,2023-11-03
2023-01-21,COVID-19,All Ages,53449,2023-11-03
2023-01-21,COVID-19,00-01 Years,3993,2023-11-03
2023-01-21,COVID-19,02-04 Years,1121,2023-11-03
2023-01-21,COVID-19,05-11 Years,1757,2023-11-03
2023-01-21,COVID-19,12-17 Years,1618,2023-11-03
2023-01-21,COVID-19,18-64 Years,26160,2023-11-03
2023-01-21,COVID-19,65+ Years,18800,2023-11-03
2023-01-21,Influenza,All Ages,16698,2023-11-03
2023-01-21,Influenza,00-01 Years,1126,2023-11-03
2023-01-21,Influenza,02-04 Years,1653,2023-11-03
2023-01-21,Influenza,05-11 Years,2416,2023-11-03
2023-01-21,Influenza,12-17 Years,1105,2023-11-03
2023-01-21,Influenza,18-64 Years,7768,2023-11-03
2023-01-21,Influenza,65+ Years,2630,2023-11-03
2023-01-21,RSV,All Ages,4127,2023-11-03
2023-01-21,RSV,00-01 Years,2026,2023-11-03
2023-01-21,RSV,02-04 Years,584,2023-11-03
2023-01-21,RSV,05-11 Years,156,2023-11-03
2023-01-21,RSV,12-17 Years,50,2023-11-03
2023-01-21,RSV,18-64 Years,629,2023-11-03
2023-01-21,RSV,65+ Years,682,2023-11-03
2023-01-21,Combined,All Ages,74274,2023-11-03
2023-01-21,Combined,00-01 Years,7145,2023-11-03
2023-01-21,Combined,02-04 Years,3358,2023-11-03
2023-01-21,Combined,05-11 Years,4329,2023-11-03
2023-01-21,Combined,12-17 Years,2773,2023-11-03
2023-01-21,Combined,18-64 Years,34557,2023-11-03
2023-01-21,Combined,65+ Years,22112,2023-11-03
2023-01-28,COVID-19,All Ages,49575,2023-11-03
2023-01-28,COVID-19,00-01 Years,3790,2023-11-03
2023-01-28,COVID-19,02-04 Years,1051,2023-11-03
2023-01-28,COVID-19,05-11 Years,1732,2023-11-03
2023-01-28,COVID-19,12-17 Years,1908,2023-11-03
2023-01-28,COVID-19,18-64 Years,24459,2023-11-03
2023-01-28,COVID-19,65+ Years,16635,2023-11-03
2023-01-28,Influenza,All Ages,12867,2023-11-03
2023-01-28,Influenza,00-01 Years,936,2023-11-03
2023-01-28,Influenza,02-04 Years,1209,2023-11-03
2023-01-28,Influenza,05-11 Years,2155,2023-11-03
2023-01-28,Influenza,12-17 Years,999,2023-11-03
2023-01-28,Influenza,18-64 Years,5765,2023-11-03
2023-01-28,Influenza,65+ Years,1803,2023-11-03
2023-01-28,RSV,All Ages,3417,2023-11-03
2023-01-28,RSV,00-01 Years,1648,2023-11-03
2023-01-28,RSV,02-04 Years,521,2023-11-03
2023-01-28,RSV,05-11 Years,132,2023-11-03
2023-01-28,RSV,12-17 Years,56,2023-11-03
2023-01-28,RSV,18-64 Years,524,2023-11-03
2023-01-28,RSV,65+ Years,536,2023-11-03
2023-01-28,Combined,All Ages,65859,2023-11-03
2023-01-28,Combined,00-01 Years,6374,2023-11-03
2023-01-28,Combined,02-04 Years,2781,2023-11-03
2023-01-28,Combined,05-11 Years,4019,2023-11-03
2023-01-28,Combined,12-17 Years,2963,2023-11-03
2023-01-28,Combined,18-64 Years,30748,2023-11-03
2023-01-28,Combined,65+ Years,18974,2023-11-03
2023-02-04,COVID-19,All Ages,47393,2023-11-03
2023-02-04,COVID-19,00-01 Years,3677,2023-11-03
2023-02-04,COVID-19,02-04 Years,935,2023-11-03
2023-02-04,COVID-19,05-11 Years,1556,2023-11-03
2023-02-04,COVID-19,12-17 Years,1759,2023-11-03
2023-02-04,COVID-19,18-64 Years,23267,2023-11-03
2023-02-04,COVID-19,65+ Years,16199,2023-11-03
2023-02-04,Influenza,All Ages,10860,2023-11-03
2023-02-04,Influenza,00-01 Years,748,2023-11-03
2023-02-04,Influenza,02-04 Years,1054,2023-11-03
2023-02-04,Influenza,05-11 Years,1911,2023-11-03
2023-02-04,Influenza,12-17 Years,821,2023-11-03
2023-02-04,Influenza,18-64 Years,4856,2023-11-03
2023-02-04,Influenza,65+ Years,1470,2023-11-03
2023-02-04,RSV,All Ages,2865,2023-11-03
2023-02-04,RSV,00-01 Years,1370,2023-11-03
2023-02-04,RSV,02-04 Years,408,2023-11-03
2023-02-04,RSV,05-11 Years,140,2023-11-03
2023-02-04,RSV,12-17 Years,41,2023-11-03
2023-02-04,RSV,18-64 Years,418,2023-11-03
2023-02-04,RSV,65+ Years,488,2023-11-03
2023-02-04,Combined,All Ages,61118,2023-11-03
2023-02-04,Combined,00-01 Years,5795,2023-11-03
2023-02-04,Combined,02-04 Years,2397,2023-11-03
2023-02-04,Combined,05-11 Years,3607,2023-11-03
2023-02-04,Combined,12-17 Years,2621,2023-11-03
2023-02-04,Combined,18-64 Years,28541,2023-11-03
2023-02-04,Combined,65+ Years,18157,2023-11-03
2023-02-11,COVID-19,All Ages,47219,2023-11-03
2023-02-11,COVID-19,00-01 Years,3303,2023-11-03
2023-02-11,COVID-19,02-04 Years,886,2023-11-03
2023-02-11,COVID-19,05-11 Years,1326,2023-11-03
2023-02-11,COVID-19,12-17 Years,1669,2023-11-03
2023-02-11,COVID-19,18-64 Years,23323,2023-11-03
2023-02-11,COVID-19,65+ Years,16712,2023-11-03
2023-02-11,Influenza,All Ages,9910,2023-11-03
2023-02-11,Influenza,00-01 Years,631,2023-11-03
2023-02-11,Influenza,02-04 Years,983,2023-11-03
2023-02-11,Influenza,05-11 Years,1751,2023-11-03
2023-02-11,Influenza,12-17 Years,713,2023-11-03
2023-02-11,Influenza,18-64 Years,4472,2023-11-03
2023-02-11,Influenza,65+ Years,1360,2023-11-03
2023-02-11,RSV,All Ages,2597,2023-11-03
2023-02-11,RSV,00-01 Years,1273,2023-11-03
2023-02-11,RSV,02-04 Years,350,2023-11-03
2023-02-11,RSV,05-11 Years,111,2023-11-03
2023-02-11,RSV,12-17 Years,40,2023-11-03
2023-02-11,RSV,18-64 Years,398,2023-11-03
2023-02-11,RSV,65+ Years,425,2023-11-03
2023-02-11,Combined,All Ages,59726,2023-11-03
2023-02-11,Combined,00-01 Years,5207,2023-11-03
2023-02-11,Combined,02-04 Years,2219,2023-11-03
2023-02-11,Combined,05-11 Years,3188,2023-11-03
2023-02-11,Combined,12-17 Years,2422,2023-11-03
2023-02-11,Combined,18-64 Years,28193,2023-11-03
2023-02-11,Combined,65+ Years,18497,2023-11-03
2023-02-18,COVID-19,All Ages,44089,2023-11-03
2023-02-18,COVID-19,00-01 Years,2979,2023-11-03
2023-02-18,COVID-19,02-04 Years,789,2023-11-03
2023-02-18,COVID-19,05-11 Years,1082,2023-11-03
2023-02-18,COVID-19,12-17 Years,1317,2023-11-03
2023-02-18,COVID-19,18-64 Years,21379,2023-11-03
2023-02-18,COVID-19,65+ Years,16543,2023-11-03
2023-02-18,Influenza,All Ages,8695,2023-11-03
2023-02-18,Influenza,00-01 Years,578,2023-11-03
2023-02-18,Influenza,02-04 Years,755,2023-11-03
2023-02-18,Influenza,05-11 Years,1614,2023-11-03
2023-02-18,Influenza,12-17 Years,634,2023-11-03
2023-02-18,Influenza,18-64 Years,3872,2023-11-03
2023-02-18,Influenza,65+ Years,1242,2023-11-03
2023-02-18,RSV,All Ages,2242,2023-11-03
2023-02-18,RSV,00-01 Years,1089,2023-11-03
2023-02-18,RSV,02-04 Years,313,2023-11-03
2023-02-18,RSV,05-11 Years,98,2023-11-03
2023-02-18,RSV,12-17 Years,30,2023-11-03
2023-02-18,RSV,18-64 Years,344,2023-11-03
2023-02-18,RSV,65+ Years,368,2023-11-03
2023-02-18,Combined,All Ages,55026,2023-11-03
2023-02-18,Combined,00-01 Years,4646,2023-11-03
2023-02-18,Combined,02-04 Years,1857,2023-11-03
2023-02-18,Combined,05-11 Years,2794,2023-11-03
2023-02-18,Combined,12-17 Years,1981,2023-11-03
2023-02-18,Combined,18-64 Years,25595,2023-11-03
2023-02-18,Combined,65+ Years,18153,2023-11-03
2023-02-25,COVID-19,All Ages,41751,2023-11-03
2023-02-25,COVID-19,00-01 Years,2812,2023-11-03
2023-02-25,COVID-19,02-04 Years,711,2023-11-03
2023-02-25,COVID-19,05-11 Years,935,2023-11-03
2023-02-25,COVID-19,12-17 Years,1015,2023-11-03
2023-02-25,COVID-19,18-64 Years,20120,2023-11-03
2023-02-25,COVID-19,65+ Years,16158,2023-11-03
2023-02-25,Influenza,All Ages,8289,2023-11-03
2023-02-25,Influenza,00-01 Years,564,2023-11-03
2023-02-25,Influenza,02-04 Years,805,2023-11-03
2023-02-25,Influenza,05-11 Years,1420,2023-11-03
2023-02-25,Influenza,12-17 Years,548,2023-11-03
2023-02-25,Influenza,18-64 Years,3898,2023-11-03
2023-02-25,Influenza,65+ Years,1054,2023-11-03
2023-02-25,RSV,All Ages,2023,2023-11-03
2023-02-25,RSV,00-01 Years,995,2023-11-03
2023-02-25,RSV,02-04 Years,300,2023-11-03
2023-02-25,RSV,05-11 Years,96,2023-11-03
2023-02-25,RSV,12-17 Years,23,2023-11-03
2023-02-25,RSV,18-64 Years,272,2023-11-03
2023-02-25,RSV,65+ Years,337,2023-11-03
2023-02-25,Combined,All Ages,52063,2023-11-03
2023-02-25,Combined,00-01 Years,4371,2023-11-03
2023-02-25,Combined,02-04 Years,1816,2023-11-03
2023-02-25,Combined,05-11 Years,2451,2023-11-03
2023-02-25,Combined,12-17 Years,1586,2023-11-03
2023-02-25,Combined,18-64 Years,24290,2023-11-03
2023-02-25,Combined,65+ Years,17549,2023-11-03
2023-03-04,COVID-19,All Ages,36769,2023-11-03
2023-03-04,COVID-19,00-01 Years,2412,2023-11-03
2023-03-04,COVID-19,02-04 Years,635,2023-11-03
2023-03-04,COVID-19,05-11 Years,847,2023-11-03
2023-03-04,COVID-19,12-17 Years,871,2023-11-03
2023-03-04,COVID-19,18-64 Years,17448,2023-11-03
2023-03-04,COVID-19,65+ Years,14556,2023-11-03
2023-03-04,Influenza,All Ages,7385,2023-11-03
2023-03-04,Influenza,00-01 Years,550,2023-11-03
2023-03-04,Influenza,02-04 Years,684,2023-11-03
2023-03-04,Influenza,05-11 Years,1254,2023-11-03
2023-03-04,Influenza,12-17 Years,523,2023-11-03
2023-03-04,Influenza,18-64 Years,3428,2023-11-03
2023-03-04,Influenza,65+ Years,946,2023-11-03
2023-03-04,RSV,All Ages,1759,2023-11-03
2023-03-04,RSV,00-01 Years,890,2023-11-03
2023-03-04,RSV,02-04 Years,264,2023-11-03
2023-03-04,RSV,05-11 Years,73,2023-11-03
2023-03-04,RSV,12-17 Years,24,2023-11-03
2023-03-04,RSV,18-64 Years,218,2023-11-03
2023-03-04,RSV,65+ Years,290,2023-11-03
2023-03-04,Combined,All Ages,45913,2023-11-03
2023-03-04,Combined,00-01 Years,3852,2023-11-03
2023-03-04,Combined,02-04 Years,1583,2023-11-03
2023-03-04,Combined,05-11 Years,2174,2023-11-03
2023-03-04,Combined,12-17 Years,1418,2023-11-03
2023-03-04,Combined,18-64 Years,21094,2023-11-03
2023-03-04,Combined,65+ Years,15792,2023-11-03
2023-03-11,COVID-19,All Ages,32159,2023-11-03
2023-03-11,COVID-19,00-01 Years,2173,2023-11-03
2023-03-11,COVID-19,02-04 Years,538,2023-11-03
2023-03-11,COVID-19,05-11 Years,771,2023-11-03
2023-03-11,COVID-19,12-17 Years,852,2023-11-03
2023-03-11,COVID-19,18-64 Years,15138,2023-11-03
2023-03-11,COVID-19,65+ Years,12687,2023-11-03
2023-03-11,Influenza,All Ages,6895,2023-11-03
2023-03-11,Influenza,00-01 Years,481,2023-11-03
2023-03-11,Influenza,02-04 Years,717,2023-11-03
2023-03-11,Influenza,05-11 Years,1251,2023-11-03
2023-03-11,Influenza,12-17 Years,484,2023-11-03
2023-03-11,Influenza,18-64 Years,3086,2023-11-03
2023-03-11,Influenza,65+ Years,876,2023-11-03
2023-03-11,RSV,All Ages,1626,2023-11-03
2023-03-11,RSV,00-01 Years,809,2023-11-03
2023-03-11,RSV,02-04 Years,269,2023-11-03
2023-03-11,RSV,05-11 Years,93,2023-11-03
2023-03-11,RSV,12-17 Years,18,2023-11-03
2023-03-11,RSV,18-64 Years,205,2023-11-03
2023-03-11,RSV,65+ Years,232,2023-11-03
2023-03-11,Combined,All Ages,40680,2023-11-03
2023-03-11,Combined,00-01 Years,3463,2023-11-03
2023-03-11,Combined,02-04 Years,1524,2023-11-03
2023-03-11,Combined,05-11 Years,2115,2023-11-03
2023-03-11,Combined,12-17 Years,1354,2023-11-03
2023-03-11,Combined,18-64 Years,18429,2023-11-03
2023-03-11,Combined,65+ Years,13795,2023-11-03
2023-03-18,COVID-19,All Ages,29443,2023-11-03
2023-03-18,COVID-19,00-01 Years,2030,2023-11-03
2023-03-18,COVID-19,02-04 Years,492,2023-11-03
2023-03-18,COVID-19,05-11 Years,677,2023-11-03
2023-03-18,COVID-19,12-17 Years,689,2023-11-03
2023-03-18,COVID-19,18-64 Years,13876,2023-11-03
2023-03-18,COVID-19,65+ Years,11679,2023-11-03
2023-03-18,Influenza,All Ages,6768,2023-11-03
2023-03-18,Influenza,00-01 Years,523,2023-11-03
2023-03-18,Influenza,02-04 Years,602,2023-11-03
2023-03-18,Influenza,05-11 Years,1229,2023-11-03
2023-03-18,Influenza,12-17 Years,452,2023-11-03
2023-03-18,Influenza,18-64 Years,3163,2023-11-03
2023-03-18,Influenza,65+ Years,799,2023-11-03
2023-03-18,RSV,All Ages,1382,2023-11-03
2023-03-18,RSV,00-01 Years,706,2023-11-03
2023-03-18,RSV,02-04 Years,222,2023-11-03
2023-03-18,RSV,05-11 Years,60,2023-11-03
2023-03-18,RSV,12-17 Years,12,2023-11-03
2023-03-18,RSV,18-64 Years,169,2023-11-03
2023-03-18,RSV,65+ Years,213,2023-11-03
2023-03-18,Combined,All Ages,37593,2023-11-03
2023-03-18,Combined,00-01 Years,3259,2023-11-03
2023-03-18,Combined,02-04 Years,1316,2023-11-03
2023-03-18,Combined,05-11 Years,1966,2023-11-03
2023-03-18,Combined,12-17 Years,1153,2023-11-03
2023-03-18,Combined,18-64 Years,17208,2023-11-03
2023-03-18,Combined,65+ Years,12691,2023-11-03
2023-03-25,COVID-19,All Ages,28817,2023-11-03
2023-03-25,COVID-19,00-01 Years,2017,2023-11-03
2023-03-25,COVID-19,02-04 Years,459,2023-11-03
2023-03-25,COVID-19,05-11 Years,649,2023-11-03
2023-03-25,COVID-19,12-17 Years,700,2023-11-03
2023-03-25,COVID-19,18-64 Years,13506,2023-11-03
2023-03-25,COVID-19,65+ Years,11486,2023-11-03
2023-03-25,Influenza,All Ages,6820,2023-11-03
2023-03-25,Influenza,00-01 Years,521,2023-11-03
2023-03-25,Influenza,02-04 Years,639,2023-11-03
2023-03-25,Influenza,05-11 Years,1164,2023-11-03
2023-03-25,Influenza,12-17 Years,421,2023-11-03
2023-03-25,Influenza,18-64 Years,3243,2023-11-03
2023-03-25,Influenza,65+ Years,832,2023-11-03
2023-03-25,RSV,All Ages,1165,2023-11-03
2023-03-25,RSV,00-01 Years,614,2023-11-03
2023-03-25,RSV,02-04 Years,168,2023-11-03
2023-03-25,RSV,05-11 Years,48,2023-11-03
2023-03-25,RSV,12-17 Years,12,2023-11-03
2023-03-25,RSV,18-64 Years,148,2023-11-03
2023-03-25,RSV,65+ Years,175,2023-11-03
2023-03-25,Combined,All Ages,36802,2023-11-03
2023-03-25,Combined,00-01 Years,3152,2023-11-03
2023-03-25,Combined,02-04 Years,1266,2023-11-03
2023-03-25,Combined,05-11 Years,1861,2023-11-03
2023-03-25,Combined,12-17 Years,1133,2023-11-03
2023-03-25,Combined,18-64 Years,16897,2023-11-03
2023-03-25,Combined,65+ Years,12493,2023-11-03
2023-04-01,COVID-19,All Ages,26715,2023-11-03
2023-04-01,COVID-19,00-01 Years,1837,2023-11-03
2023-04-01,COVID-19,02-04 Years,443,2023-11-03
2023-04-01,COVID-19,05-11 Years,636,2023-11-03
2023-04-01,COVID-19,12-17 Years,627,2023-11-03
2023-04-01,COVID-19,18-64 Years,12459,2023-11-03
2023-04-01,COVID-19,65+ Years,10713,2023-11-03
2023-04-01,Influenza,All Ages,6771,2023-11-03
2023-04-01,Influenza,00-01 Years,457,2023-11-03
2023-04-01,Influenza,02-04 Years,618,2023-11-03
2023-04-01,Influenza,05-11 Years,1157,2023-11-03
2023-04-01,Influenza,12-17 Years,447,2023-11-03
2023-04-01,Influenza,18-64 Years,3333,2023-11-03
2023-04-01,Influenza,65+ Years,759,2023-11-03
2023-04-01,RSV,All Ages,1018,2023-11-03
2023-04-01,RSV,00-01 Years,555,2023-11-03
2023-04-01,RSV,02-04 Years,164,2023-11-03
2023-04-01,RSV,05-11 Years,39,2023-11-03
2023-04-01,RSV,12-17 Years,10,2023-11-03
2023-04-01,RSV,18-64 Years,121,2023-11-03
2023-04-01,RSV,65+ Years,129,2023-11-03
2023-04-01,Combined,All Ages,34504,2023-11-03
2023-04-01,Combined,00-01 Years,2849,2023-11-03
2023-04-01,Combined,02-04 Years,1225,2023-11-03
2023-04-01,Combined,05-11 Years,1832,2023-11-03
2023-04-01,Combined,12-17 Years,1084,2023-11-03
2023-04-01,Combined,18-64 Years,15913,2023-11-03
2023-04-01,Combined,65+ Years,11601,2023-11-03
2023-04-08,COVID-19,All Ages,24108,2023-11-03
2023-04-08,COVID-19,00-01 Years,1666,2023-11-03
2023-04-08,COVID-19,02-04 Years,379,2023-11-03
2023-04-08,COVID-19,05-11 Years,519,2023-11-03
2023-04-08,COVID-19,12-17 Years,551,2023-11-03
2023-04-08,COVID-19,18-64 Years,10966,2023-11-03
2023-04-08,COVID-19,65+ Years,10027,2023-11-03
2023-04-08,Influenza,All Ages,6613,2023-11-03
2023-04-08,Influenza,00-01 Years,443,2023-11-03
2023-04-08,Influenza,02-04 Years,577,2023-11-03
2023-04-08,Influenza,05-11 Years,1185,2023-11-03
2023-04-08,Influenza,12-17 Years,419,2023-11-03
2023-04-08,Influenza,18-64 Years,3220,2023-11-03
2023-04-08,Influenza,65+ Years,769,2023-11-03
2023-04-08,RSV,All Ages,894,2023-11-03
2023-04-08,RSV,00-01 Years,477,2023-11-03
2023-04-08,RSV,02-04 Years,146,2023-11-03
2023-04-08,RSV,05-11 Years,35,2023-11-03
2023-04-08,RSV,12-17 Years,8,2023-11-03
2023-04-08,RSV,18-64 Years,98,2023-11-03
2023-04-08,RSV,65+ Years,130,2023-11-03
2023-04-08,Combined,All Ages,31615,2023-11-03
2023-04-08,Combined,00-01 Years,2586,2023-11-03
2023-04-08,Combined,02-04 Years,1102,2023-11-03
2023-04-08,Combined,05-11 Years,1739,2023-11-03
2023-04-08,Combined,12-17 Years,978,2023-11-03
2023-04-08,Combined,18-64 Years,14284,2023-11-03
2023-04-08,Combined,65+ Years,10926,2023-11-03
2023-04-15,COVID-19,All Ages,22610,2023-11-03
2023-04-15,COVID-19,00-01 Years,1489,2023-11-03
2023-04-15,COVID-19,02-04 Years,387,2023-11-03
2023-04-15,COVID-19,05-11 Years,505,2023-11-03
2023-04-15,COVID-19,12-17 Years,500,2023-11-03
2023-04-15,COVID-19,18-64 Years,10335,2023-11-03
2023-04-15,COVID-19,65+ Years,9394,2023-11-03
2023-04-15,Influenza,All Ages,6162,2023-11-03
2023-04-15,Influenza,00-01 Years,439,2023-11-03
2023-04-15,Influenza,02-04 Years,537,2023-11-03
2023-04-15,Influenza,05-11 Years,1035,2023-11-03
2023-04-15,Influenza,12-17 Years,391,2023-11-03
2023-04-15,Influenza,18-64 Years,3057,2023-11-03
2023-04-15,Influenza,65+ Years,703,2023-11-03
2023-04-15,RSV,All Ages,790,2023-11-03
2023-04-15,RSV,00-01 Years,454,2023-11-03
2023-04-15,RSV,02-04 Years,121,2023-11-03
2023-04-15,RSV,05-11 Years,31,2023-11-03
2023-04-15,RSV,12-17 Years,2,2023-11-03
2023-04-15,RSV,18-64 Years,93,2023-11-03
2023-04-15,RSV,65+ Years,89,2023-11-03
2023-04-15,Combined,All Ages,29562,2023-11-03
2023-04-15,Combined,00-01 Years,2382,2023-11-03
2023-04-15,Combined,02-04 Years,1045,2023-11-03
2023-04-15,Combined,05-11 Years,1571,2023-11-03
2023-04-15,Combined,12-17 Years,893,2023-11-03
2023-04-15,Combined,18-64 Years,13485,2023-11-03
2023-04-15,Combined,65+ Years,10186,2023-11-03
2023-04-22,COVID-19,All Ages,19044,2023-11-03
2023-04-22,COVID-19,00-01 Years,1235,2023-11-03
2023-04-22,COVID-19,02-04 Years,303,2023-11-03
2023-04-22,COVID-19,05-11 Years,410,2023-11-03
2023-04-22,COVID-19,12-17 Years,483,2023-11-03
2023-04-22,COVID-19,18-64 Years,8644,2023-11-03
2023-04-22,COVID-19,65+ Years,7969,2023-11-03
2023-04-22,Influenza,All Ages,5806,2023-11-03
2023-04-22,Influenza,00-01 Years,452,2023-11-03
2023-04-22,Influenza,02-04 Years,534,2023-11-03
2023-04-22,Influenza,05-11 Years,1102,2023-11-03
2023-04-22,Influenza,12-17 Years,426,2023-11-03
2023-04-22,Influenza,18-64 Years,2723,2023-11-03
2023-04-22,Influenza,65+ Years,569,2023-11-03
2023-04-22,RSV,All Ages,765,2023-11-03
2023-04-22,RSV,00-01 Years,399,2023-11-03
2023-04-22,RSV,02-04 Years,127,2023-11-03
2023-04-22,RSV,05-11 Years,43,2023-11-03
2023-04-22,RSV,12-17 Years,5,2023-11-03
2023-04-22,RSV,18-64 Years,81,2023-11-03
2023-04-22,RSV,65+ Years,110,2023-11-03
2023-04-22,Combined,All Ages,25615,2023-11-03
2023-04-22,Combined,00-01 Years,2086,2023-11-03
2023-04-22,Combined,02-04 Years,964,2023-11-03
2023-04-22,Combined,05-11 Years,1555,2023-11-03
2023-04-22,Combined,12-17 Years,914,2023-11-03
2023-04-22,Combined,18-64 Years,11448,2023-11-03
2023-04-22,Combined,65+ Years,8648,2023-11-03
2023-04-29,COVID-19,All Ages,17124,2023-11-03
2023-04-29,COVID-19,00-01 Years,1119,2023-11-03
2023-04-29,COVID-19,02-04 Years,277,2023-11-03
2023-04-29,COVID-19,05-11 Years,381,2023-11-03
2023-04-29,COVID-19,12-17 Years,509,2023-11-03
2023-04-29,COVID-19,18-64 Years,7903,2023-11-03
2023-04-29,COVID-19,65+ Years,6935,2023-11-03
2023-04-29,Influenza,All Ages,6002,2023-11-03
2023-04-29,Influenza,00-01 Years,393,2023-11-03
2023-04-29,Influenza,02-04 Years,595,2023-11-03
2023-04-29,Influenza,05-11 Years,1220,2023-11-03
2023-04-29,Influenza,12-17 Years,470,2023-11-03
2023-04-29,Influenza,18-64 Years,2807,2023-11-03
2023-04-29,Influenza,65+ Years,517,2023-11-03
2023-04-29,RSV,All Ages,738,2023-11-03
2023-04-29,RSV,00-01 Years,393,2023-11-03
2023-04-29,RSV,02-04 Years,136,2023-11-03
2023-04-29,RSV,05-11 Years,35,2023-11-03
2023-04-29,RSV,12-17 Years,7,2023-11-03
2023-04-29,RSV,18-64 Years,90,2023-11-03
2023-04-29,RSV,65+ Years,77,2023-11-03
2023-04-29,Combined,All Ages,23864,2023-11-03
2023-04-29,Combined,00-01 Years,1905,2023-11-03
2023-04-29,Combined,02-04 Years,1008,2023-11-03
2023-04-29,Combined,05-11 Years,1636,2023-11-03
2023-04-29,Combined,12-17 Years,986,2023-11-03
2023-04-29,Combined,18-64 Years,10800,2023-11-03
2023-04-29,Combined,65+ Years,7529,2023-11-03
2023-05-06,COVID-19,All Ages,16533,2023-11-03
2023-05-06,COVID-19,00-01 Years,1115,2023-11-03
2023-05-06,COVID-19,02-04 Years,249,2023-11-03
2023-05-06,COVID-19,05-11 Years,382,2023-11-03
2023-05-06,COVID-19,12-17 Years,438,2023-11-03
2023-05-06,COVID-19,18-64 Years,7755,2023-11-03
2023-05-06,COVID-19,65+ Years,6594,2023-11-03
2023-05-06,Influenza,All Ages,6322,2023-11-03
2023-05-06,Influenza,00-01 Years,398,2023-11-03
2023-05-06,Influenza,02-04 Years,603,2023-11-03
2023-05-06,Influenza,05-11 Years,1347,2023-11-03
2023-05-06,Influenza,12-17 Years,557,2023-11-03
2023-05-06,Influenza,18-64 Years,2894,2023-11-03
2023-05-06,Influenza,65+ Years,523,2023-11-03
2023-05-06,RSV,All Ages,695,2023-11-03
2023-05-06,RSV,00-01 Years,392,2023-11-03
2023-05-06,RSV,02-04 Years,150,2023-11-03
2023-05-06,RSV,05-11 Years,26,2023-11-03
2023-05-06,RSV,12-17 Years,7,2023-11-03
2023-05-06,RSV,18-64 Years,53,2023-11-03
2023-05-06,RSV,65+ Years,67,2023-11-03
2023-05-06,Combined,All Ages,23550,2023-11-03
2023-05-06,Combined,00-01 Years,1905,2023-11-03
2023-05-06,Combined,02-04 Years,1002,2023-11-03
2023-05-06,Combined,05-11 Years,1755,2023-11-03
2023-05-06,Combined,12-17 Years,1002,2023-11-03
2023-05-06,Combined,18-64 Years,10702,2023-11-03
2023-05-06,Combined,65+ Years,7184,2023-11-03
2023-05-13,COVID-19,All Ages,15771,2023-11-03
2023-05-13,COVID-19,00-01 Years,973,2023-11-03
2023-05-13,COVID-19,02-04 Years,236,2023-11-03
2023-05-13,COVID-19,05-11 Years,382,2023-11-03
2023-05-13,COVID-19,12-17 Years,421,2023-11-03
2023-05-13,COVID-19,18-64 Years,7345,2023-11-03
2023-05-13,COVID-19,65+ Years,6414,2023-11-03
2023-05-13,Influenza,All Ages,6836,2023-11-03
2023-05-13,Influenza,00-01 Years,461,2023-11-03
2023-05-13,Influenza,02-04 Years,652,2023-11-03
2023-05-13,Influenza,05-11 Years,1573,2023-11-03
2023-05-13,Influenza,12-17 Years,557,2023-11-03
2023-05-13,Influenza,18-64 Years,3002,2023-11-03
2023-05-13,Influenza,65+ Years,591,2023-11-03
2023-05-13,RSV,All Ages,668,2023-11-03
2023-05-13,RSV,00-01 Years,390,2023-11-03
2023-05-13,RSV,02-04 Years,105,2023-11-03
2023-05-13,RSV,05-11 Years,30,2023-11-03
2023-05-13,RSV,12-17 Years,8,2023-11-03
2023-05-13,RSV,18-64 Years,60,2023-11-03
2023-05-13,RSV,65+ Years,75,2023-11-03
2023-05-13,Combined,All Ages,23275,2023-11-03
2023-05-13,Combined,00-01 Years,1824,2023-11-03
2023-05-13,Combined,02-04 Years,993,2023-11-03
2023-05-13,Combined,05-11 Years,1985,2023-11-03
2023-05-13,Combined,12-17 Years,986,2023-11-03
2023-05-13,Combined,18-64 Years,10407,2023-11-03
2023-05-13,Combined,65+ Years,7080,2023-11-03
2023-05-20,COVID-19,All Ages,14537,2023-11-03
2023-05-20,COVID-19,00-01 Years,914,2023-11-03
2023-05-20,COVID-19,02-04 Years,204,2023-11-03
2023-05-20,COVID-19,05-11 Years,300,2023-11-03
2023-05-20,COVID-19,12-17 Years,336,2023-11-03
2023-05-20,COVID-19,18-64 Years,6660,2023-11-03
2023-05-20,COVID-19,65+ Years,6123,2023-11-03
2023-05-20,Influenza,All Ages,6886,2023-11-03
2023-05-20,Influenza,00-01 Years,464,2023-11-03
2023-05-20,Influenza,02-04 Years,640,2023-11-03
2023-05-20,Influenza,05-11 Years,1671,2023-11-03
2023-05-20,Influenza,12-17 Years,547,2023-11-03
2023-05-20,Influenza,18-64 Years,2996,2023-11-03
2023-05-20,Influenza,65+ Years,568,2023-11-03
2023-05-20,RSV,All Ages,595,2023-11-03
2023-05-20,RSV,00-01 Years,361,2023-11-03
2023-05-20,RSV,02-04 Years,108,2023-11-03
2023-05-20,RSV,05-11 Years,30,2023-11-03
2023-05-20,RSV,12-17 Years,3,2023-11-03
2023-05-20,RSV,18-64 Years,50,2023-11-03
2023-05-20,RSV,65+ Years,43,2023-11-03
2023-05-20,Combined,All Ages,22018,2023-11-03
2023-05-20,Combined,00-01 Years,1739,2023-11-03
2023-05-20,Combined,02-04 Years,952,2023-11-03
2023-05-20,Combined,05-11 Years,2001,2023-11-03
2023-05-20,Combined,12-17 Years,886,2023-11-03
2023-05-20,Combined,18-64 Years,9706,2023-11-03
2023-05-20,Combined,65+ Years,6734,2023-11-03
2023-05-27,COVID-19,All Ages,13646,2023-11-03
2023-05-27,COVID-19,00-01 Years,935,2023-11-03
2023-05-27,COVID-19,02-04 Years,203,2023-11-03
2023-05-27,COVID-19,05-11 Years,268,2023-11-03
2023-05-27,COVID-19,12-17 Years,251,2023-11-03
2023-05-27,COVID-19,18-64 Years,6305,2023-11-03
2023-05-27,COVID-19,65+ Years,5684,2023-11-03
2023-05-27,Influenza,All Ages,7009,2023-11-03
2023-05-27,Influenza,00-01 Years,502,2023-11-03
2023-05-27,Influenza,02-04 Years,690,2023-11-03
2023-05-27,Influenza,05-11 Years,1646,2023-11-03
2023-05-27,Influenza,12-17 Years,566,2023-11-03
2023-05-27,Influenza,18-64 Years,3000,2023-11-03
2023-05-27,Influenza,65+ Years,605,2023-11-03
2023-05-27,RSV,All Ages,612,2023-11-03
2023-05-27,RSV,00-01 Years,382,2023-11-03
2023-05-27,RSV,02-04 Years,108,2023-11-03
2023-05-27,RSV,05-11 Years,29,2023-11-03
2023-05-27,RSV,12-17 Years,2,2023-11-03
2023-05-27,RSV,18-64 Years,42,2023-11-03
2023-05-27,RSV,65+ Years,49,2023-11-03
2023-05-27,Combined,All Ages,21267,2023-11-03
2023-05-27,Combined,00-01 Years,1819,2023-11-03
2023-05-27,Combined,02-04 Years,1001,2023-11-03
2023-05-27,Combined,05-11 Years,1943,2023-11-03
2023-05-27,Combined,12-17 Years,819,2023-11-03
2023-05-27,Combined,18-64 Years,9347,2023-11-03
2023-05-27,Combined,65+ Years,6338,2023-11-03
2023-06-03,COVID-19,All Ages,13969,2023-11-03
2023-06-03,COVID-19,00-01 Years,922,2023-11-03
2023-06-03,COVID-19,02-04 Years,217,2023-11-03
2023-06-03,COVID-19,05-11 Years,259,2023-11-03
2023-06-03,COVID-19,12-17 Years,241,2023-11-03
2023-06-03,COVID-19,18-64 Years,6279,2023-11-03
2023-06-03,COVID-19,65+ Years,6051,2023-11-03
2023-06-03,Influenza,All Ages,7315,2023-11-03
2023-06-03,Influenza,00-01 Years,519,2023-11-03
2023-06-03,Influenza,02-04 Years,677,2023-11-03
2023-06-03,Influenza,05-11 Years,1522,2023-11-03
2023-06-03,Influenza,12-17 Years,559,2023-11-03
2023-06-03,Influenza,18-64 Years,3345,2023-11-03
2023-06-03,Influenza,65+ Years,693,2023-11-03
2023-06-03,RSV,All Ages,618,2023-11-03
2023-06-03,RSV,00-01 Years,357,2023-11-03
2023-06-03,RSV,02-04 Years,125,2023-11-03
2023-06-03,RSV,05-11 Years,38,2023-11-03
2023-06-03,RSV,12-17 Years,7,2023-11-03
2023-06-03,RSV,18-64 Years,42,2023-11-03
2023-06-03,RSV,65+ Years,49,2023-11-03
2023-06-03,Combined,All Ages,21902,2023-11-03
2023-06-03,Combined,00-01 Years,1798,2023-11-03
2023-06-03,Combined,02-04 Years,1019,2023-11-03
2023-06-03,Combined,05-11 Years,1819,2023-11-03
2023-06-03,Combined,12-17 Years,807,2023-11-03
2023-06-03,Combined,18-64 Years,9666,2023-11-03
2023-06-03,Combined,65+ Years,6793,2023-11-03
2023-06-10,COVID-19,All Ages,12222,2023-11-03
2023-06-10,COVID-19,00-01 Years,842,2023-11-03
2023-06-10,COVID-19,02-04 Years,176,2023-11-03
2023-06-10,COVID-19,05-11 Years,191,2023-11-03
2023-06-10,COVID-19,12-17 Years,208,2023-11-03
2023-06-10,COVID-19,18-64 Years,5811,2023-11-03
2023-06-10,COVID-19,65+ Years,4994,2023-11-03
2023-06-10,Influenza,All Ages,6193,2023-11-03
2023-06-10,Influenza,00-01 Years,410,2023-11-03
2023-06-10,Influenza,02-04 Years,574,2023-11-03
2023-06-10,Influenza,05-11 Years,1070,2023-11-03
2023-06-10,Influenza,12-17 Years,381,2023-11-03
2023-06-10,Influenza,18-64 Years,3083,2023-11-03
2023-06-10,Influenza,65+ Years,675,2023-11-03
2023-06-10,RSV,All Ages,598,2023-11-03
2023-06-10,RSV,00-01 Years,370,2023-11-03
2023-06-10,RSV,02-04 Years,100,2023-11-03
2023-06-10,RSV,05-11 Years,34,2023-11-03
2023-06-10,RSV,12-17 Years,5,2023-11-03
2023-06-10,RSV,18-64 Years,38,2023-11-03
2023-06-10,RSV,65+ Years,51,2023-11-03
2023-06-10,Combined,All Ages,19013,2023-11-03
2023-06-10,Combined,00-01 Years,1622,2023-11-03
2023-06-10,Combined,02-04 Years,850,2023-11-03
2023-06-10,Combined,05-11 Years,1295,2023-11-03
2023-06-10,Combined,12-17 Years,594,2023-11-03
2023-06-10,Combined,18-64 Years,8932,2023-11-03
2023-06-10,Combined,65+ Years,5720,2023-11-03
2023-06-17,COVID-19,All Ages,12037,2023-11-03
2023-06-17,COVID-19,00-01 Years,798,2023-11-03
2023-06-17,COVID-19,02-04 Years,166,2023-11-03
2023-06-17,COVID-19,05-11 Years,192,2023-11-03
2023-06-17,COVID-19,12-17 Years,175,2023-11-03
2023-06-17,COVID-19,18-64 Years,5641,2023-11-03
2023-06-17,COVID-19,65+ Years,5065,2023-11-03
2023-06-17,Influenza,All Ages,5555,2023-11-03
2023-06-17,Influenza,00-01 Years,397,2023-11-03
2023-06-17,Influenza,02-04 Years,521,2023-11-03
2023-06-17,Influenza,05-11 Years,872,2023-11-03
2023-06-17,Influenza,12-17 Years,296,2023-11-03
2023-06-17,Influenza,18-64 Years,2829,2023-11-03
2023-06-17,Influenza,65+ Years,640,2023-11-03
2023-06-17,RSV,All Ages,553,2023-11-03
2023-06-17,RSV,00-01 Years,351,2023-11-03
2023-06-17,RSV,02-04 Years,94,2023-11-03
2023-06-17,RSV,05-11 Years,21,2023-11-03
2023-06-17,RSV,12-17 Years,5,2023-11-03
2023-06-17,RSV,18-64 Years,44,2023-11-03
2023-06-17,RSV,65+ Years,38,2023-11-03
2023-06-17,Combined,All Ages,18145,2023-11-03
2023-06-17,Combined,00-01 Years,1546,2023-11-03
2023-06-17,Combined,02-04 Years,781,2023-11-03
2023-06-17,Combined,05-11 Years,1085,2023-11-03
2023-06-17,Combined,12-17 Years,476,2023-11-03
2023-06-17,Combined,18-64 Years,8514,2023-11-03
2023-06-17,Combined,65+ Years,5743,2023-11-03
2023-06-24,COVID-19,All Ages,12380,2023-11-03
2023-06-24,COVID-19,00-01 Years,924,2023-11-03
2023-06-24,COVID-19,02-04 Years,196,2023-11-03
2023-06-24,COVID-19,05-11 Years,202,2023-11-03
2023-06-24,COVID-19,12-17 Years,179,2023-11-03
2023-06-24,COVID-19,18-64 Years,5997,2023-11-03
2023-06-24,COVID-19,65+ Years,4882,2023-11-03
2023-06-24,Influenza,All Ages,4886,2023-11-03
2023-06-24,Influenza,00-01 Years,352,2023-11-03
2023-06-24,Influenza,02-04 Years,478,2023-11-03
2023-06-24,Influenza,05-11 Years,681,2023-11-03
2023-06-24,Influenza,12-17 Years,237,2023-11-03
2023-06-24,Influenza,18-64 Years,2523,2023-11-03
2023-06-24,Influenza,65+ Years,615,2023-11-03
2023-06-24,RSV,All Ages,577,2023-11-03
2023-06-24,RSV,00-01 Years,367,2023-11-03
2023-06-24,RSV,02-04 Years,113,2023-11-03
2023-06-24,RSV,05-11 Years,15,2023-11-03
2023-06-24,RSV,12-17 Years,3,2023-11-03
2023-06-24,RSV,18-64 Years,36,2023-11-03
2023-06-24,RSV,65+ Years,43,2023-11-03
2023-06-24,Combined,All Ages,17843,2023-11-03
2023-06-24,Combined,00-01 Years,1643,2023-11-03
2023-06-24,Combined,02-04 Years,787,2023-11-03
2023-06-24,Combined,05-11 Years,898,2023-11-03
2023-06-24,Combined,12-17 Years,419,2023-11-03
2023-06-24,Combined,18-64 Years,8556,2023-11-03
2023-06-24,Combined,65+ Years,5540,2023-11-03
2023-07-01,COVID-19,All Ages,13094,2023-11-03
2023-07-01,COVID-19,00-01 Years,895,2023-11-03
2023-07-01,COVID-19,02-04 Years,190,2023-11-03
2023-07-01,COVID-19,05-11 Years,224,2023-11-03
2023-07-01,COVID-19,12-17 Years,213,2023-11-03
2023-07-01,COVID-19,18-64 Years,6350,2023-11-03
2023-07-01,COVID-19,65+ Years,5222,2023-11-03
2023-07-01,Influenza,All Ages,4473,2023-11-03
2023-07-01,Influenza,00-01 Years,348,2023-11-03
2023-07-01,Influenza,02-04 Years,401,2023-11-03
2023-07-01,Influenza,05-11 Years,648,2023-11-03
2023-07-01,Influenza,12-17 Years,225,2023-11-03
2023-07-01,Influenza,18-64 Years,2292,2023-11-03
2023-07-01,Influenza,65+ Years,559,2023-11-03
2023-07-01,RSV,All Ages,585,2023-11-03
2023-07-01,RSV,00-01 Years,389,2023-11-03
2023-07-01,RSV,02-04 Years,94,2023-11-03
2023-07-01,RSV,05-11 Years,17,2023-11-03
2023-07-01,RSV,12-17 Years,1,2023-11-03
2023-07-01,RSV,18-64 Years,42,2023-11-03
2023-07-01,RSV,65+ Years,42,2023-11-03
2023-07-01,Combined,All Ages,18152,2023-11-03
2023-07-01,Combined,00-01 Years,1632,2023-11-03
2023-07-01,Combined,02-04 Years,685,2023-11-03
2023-07-01,Combined,05-11 Years,889,2023-11-03
2023-07-01,Combined,12-17 Years,439,2023-11-03
2023-07-01,Combined,18-64 Years,8684,2023-11-03
2023-07-01,Combined,65+ Years,5823,2023-11-03
2023-07-08,COVID-19,All Ages,15006,2023-11-03
2023-07-08,COVID-19,00-01 Years,1275,2023-11-03
2023-07-08,COVID-19,02-04 Years,240,2023-11-03
2023-07-08,COVID-19,05-11 Years,276,2023-11-03
2023-07-08,COVID-19,12-17 Years,270,2023-11-03
2023-07-08,COVID-19,18-64 Years,7101,2023-11-03
2023-07-08,COVID-19,65+ Years,5844,2023-11-03
2023-07-08,Influenza,All Ages,4277,2023-11-03
2023-07-08,Influenza,00-01 Years,347,2023-11-03
2023-07-08,Influenza,02-04 Years,399,2023-11-03
2023-07-08,Influenza,05-11 Years,569,2023-11-03
2023-07-08,Influenza,12-17 Years,215,2023-11-03
2023-07-08,Influenza,18-64 Years,2167,2023-11-03
2023-07-08,Influenza,65+ Years,580,2023-11-03
2023-07-08,RSV,All Ages,594,2023-11-03
2023-07-08,RSV,00-01 Years,379,2023-11-03
2023-07-08,RSV,02-04 Years,107,2023-11-03
2023-07-08,RSV,05-11 Years,17,2023-11-03
2023-07-08,RSV,12-17 Years,2,2023-11-03
2023-07-08,RSV,18-64 Years,42,2023-11-03
2023-07-08,RSV,65+ Years,47,2023-11-03
2023-07-08,Combined,All Ages,19877,2023-11-03
2023-07-08,Combined,00-01 Years,2001,2023-11-03
2023-07-08,Combined,02-04 Years,746,2023-11-03
2023-07-08,Combined,05-11 Years,862,2023-11-03
2023-07-08,Combined,12-17 Years,487,2023-11-03
2023-07-08,Combined,18-64 Years,9310,2023-11-03
2023-07-08,Combined,65+ Years,6471,2023-11-03
2023-07-15,COVID-19,All Ages,16883,2023-11-03
2023-07-15,COVID-19,00-01 Years,1373,2023-11-03
2023-07-15,COVID-19,02-04 Years,269,2023-11-03
2023-07-15,COVID-19,05-11 Years,329,2023-11-03
2023-07-15,COVID-19,12-17 Years,331,2023-11-03
2023-07-15,COVID-19,18-64 Years,8475,2023-11-03
2023-07-15,COVID-19,65+ Years,6106,2023-11-03
2023-07-15,Influenza,All Ages,3981,2023-11-03
2023-07-15,Influenza,00-01 Years,323,2023-11-03
2023-07-15,Influenza,02-04 Years,360,2023-11-03
2023-07-15,Influenza,05-11 Years,496,2023-11-03
2023-07-15,Influenza,12-17 Years,188,2023-11-03
2023-07-15,Influenza,18-64 Years,2059,2023-11-03
2023-07-15,Influenza,65+ Years,555,2023-11-03
2023-07-15,RSV,All Ages,563,2023-11-03
2023-07-15,RSV,00-01 Years,346,2023-11-03
2023-07-15,RSV,02-04 Years,100,2023-11-03
2023-07-15,RSV,05-11 Years,23,2023-11-03
2023-07-15,RSV,12-17 Years,3,2023-11-03
2023-07-15,RSV,18-64 Years,40,2023-11-03
2023-07-15,RSV,65+ Years,51,2023-11-03
2023-07-15,Combined,All Ages,21427,2023-11-03
2023-07-15,Combined,00-01 Years,2042,2023-11-03
2023-07-15,Combined,02-04 Years,729,2023-11-03
2023-07-15,Combined,05-11 Years,848,2023-11-03
2023-07-15,Combined,12-17 Years,522,2023-11-03
2023-07-15,Combined,18-64 Years,10574,2023-11-03
2023-07-15,Combined,65+ Years,6712,2023-11-03
2023-07-22,COVID-19,All Ages,20280,2023-11-03
2023-07-22,COVID-19,00-01 Years,1729,2023-11-03
2023-07-22,COVID-19,02-04 Years,356,2023-11-03
2023-07-22,COVID-19,05-11 Years,445,2023-11-03
2023-07-22,COVID-19,12-17 Years,407,2023-11-03
2023-07-22,COVID-19,18-64 Years,10268,2023-11-03
2023-07-22,COVID-19,65+ Years,7075,2023-11-03
2023-07-22,Influenza,All Ages,3739,2023-11-03
2023-07-22,Influenza,00-01 Years,317,2023-11-03
2023-07-22,Influenza,02-04 Years,355,2023-11-03
2023-07-22,Influenza,05-11 Years,440,2023-11-03
2023-07-22,Influenza,12-17 Years,178,2023-11-03
2023-07-22,Influenza,18-64 Years,1965,2023-11-03
2023-07-22,Influenza,65+ Years,484,2023-11-03
2023-07-22,RSV,All Ages,610,2023-11-03
2023-07-22,RSV,00-01 Years,386,2023-11-03
2023-07-22,RSV,02-04 Years,120,2023-11-03
2023-07-22,RSV,05-11 Years,11,2023-11-03
2023-07-22,RSV,12-17 Years,3,2023-11-03
2023-07-22,RSV,18-64 Years,50,2023-11-03
2023-07-22,RSV,65+ Years,40,2023-11-03
2023-07-22,Combined,All Ages,24629,2023-11-03
2023-07-22,Combined,00-01 Years,2432,2023-11-03
2023-07-22,Combined,02-04 Years,831,2023-11-03
2023-07-22,Combined,05-11 Years,896,2023-11-03
2023-07-22,Combined,12-17 Years,588,2023-11-03
2023-07-22,Combined,18-64 Years,12283,2023-11-03
2023-07-22,Combined,65+ Years,7599,2023-11-03
2023-07-29,COVID-19,All Ages,25443,2023-11-03
2023-07-29,COVID-19,00-01 Years,2286,2023-11-03
2023-07-29,COVID-19,02-04 Years,486,2023-11-03
2023-07-29,COVID-19,05-11 Years,579,2023-11-03
2023-07-29,COVID-19,12-17 Years,562,2023-11-03
2023-07-29,COVID-19,18-64 Years,13013,2023-11-03
2023-07-29,COVID-19,65+ Years,8517,2023-11-03
2023-07-29,Influenza,All Ages,3680,2023-11-03
2023-07-29,Influenza,00-01 Years,329,2023-11-03
2023-07-29,Influenza,02-04 Years,343,2023-11-03
2023-07-29,Influenza,05-11 Years,423,2023-11-03
2023-07-29,Influenza,12-17 Years,193,2023-11-03
2023-07-29,Influenza,18-64 Years,1829,2023-11-03
2023-07-29,Influenza,65+ Years,563,2023-11-03
2023-07-29,RSV,All Ages,746,2023-11-03
2023-07-29,RSV,00-01 Years,481,2023-11-03
2023-07-29,RSV,02-04 Years,124,2023-11-03
2023-07-29,RSV,05-11 Years,17,2023-11-03
2023-07-29,RSV,12-17 Years,4,2023-11-03
2023-07-29,RSV,18-64 Years,66,2023-11-03
2023-07-29,RSV,65+ Years,54,2023-11-03
2023-07-29,Combined,All Ages,29869,2023-11-03
2023-07-29,Combined,00-01 Years,3096,2023-11-03
2023-07-29,Combined,02-04 Years,953,2023-11-03
2023-07-29,Combined,05-11 Years,1019,2023-11-03
2023-07-29,Combined,12-17 Years,759,2023-11-03
2023-07-29,Combined,18-64 Years,14908,2023-11-03
2023-07-29,Combined,65+ Years,9134,2023-11-03
2023-08-05,COVID-19,All Ages,31566,2023-11-03
2023-08-05,COVID-19,00-01 Years,2851,2023-11-03
2023-08-05,COVID-19,02-04 Years,606,2023-11-03
2023-08-05,COVID-19,05-11 Years,823,2023-11-03
2023-08-05,COVID-19,12-17 Years,718,2023-11-03
2023-08-05,COVID-19,18-64 Years,15866,2023-11-03
2023-08-05,COVID-19,65+ Years,10702,2023-11-03
2023-08-05,Influenza,All Ages,3841,2023-11-03
2023-08-05,Influenza,00-01 Years,318,2023-11-03
2023-08-05,Influenza,02-04 Years,395,2023-11-03
2023-08-05,Influenza,05-11 Years,461,2023-11-03
2023-08-05,Influenza,12-17 Years,193,2023-11-03
2023-08-05,Influenza,18-64 Years,1966,2023-11-03
2023-08-05,Influenza,65+ Years,508,2023-11-03
2023-08-05,RSV,All Ages,880,2023-11-03
2023-08-05,RSV,00-01 Years,559,2023-11-03
2023-08-05,RSV,02-04 Years,161,2023-11-03
2023-08-05,RSV,05-11 Years,16,2023-11-03
2023-08-05,RSV,12-17 Years,4,2023-11-03
2023-08-05,RSV,18-64 Years,83,2023-11-03
2023-08-05,RSV,65+ Years,57,2023-11-03
2023-08-05,Combined,All Ages,36287,2023-11-03
2023-08-05,Combined,00-01 Years,3728,2023-11-03
2023-08-05,Combined,02-04 Years,1162,2023-11-03
2023-08-05,Combined,05-11 Years,1300,2023-11-03
2023-08-05,Combined,12-17 Years,915,2023-11-03
2023-08-05,Combined,18-64 Years,17915,2023-11-03
2023-08-05,Combined,65+ Years,11267,2023-11-03
2023-08-12,COVID-19,All Ages,39362,2023-11-03
2023-08-12,COVID-19,00-01 Years,3582,2023-11-03
2023-08-12,COVID-19,02-04 Years,809,2023-11-03
2023-08-12,COVID-19,05-11 Years,1384,2023-11-03
2023-08-12,COVID-19,12-17 Years,1170,2023-11-03
2023-08-12,COVID-19,18-64 Years,19528,2023-11-03
2023-08-12,COVID-19,65+ Years,12889,2023-11-03
2023-08-12,Influenza,All Ages,3981,2023-11-03
2023-08-12,Influenza,00-01 Years,350,2023-11-03
2023-08-12,Influenza,02-04 Years,358,2023-11-03
2023-08-12,Influenza,05-11 Years,460,2023-11-03
2023-08-12,Influenza,12-17 Years,234,2023-11-03
2023-08-12,Influenza,18-64 Years,2015,2023-11-03
2023-08-12,Influenza,65+ Years,564,2023-11-03
2023-08-12,RSV,All Ages,924,2023-11-03
2023-08-12,RSV,00-01 Years,622,2023-11-03
2023-08-12,RSV,02-04 Years,160,2023-11-03
2023-08-12,RSV,05-11 Years,21,2023-11-03
2023-08-12,RSV,12-17 Years,2,2023-11-03
2023-08-12,RSV,18-64 Years,62,2023-11-03
2023-08-12,RSV,65+ Years,57,2023-11-03
2023-08-12,Combined,All Ages,44267,2023-11-03
2023-08-12,Combined,00-01 Years,4554,2023-11-03
2023-08-12,Combined,02-04 Years,1327,2023-11-03
2023-08-12,Combined,05-11 Years,1865,2023-11-03
2023-08-12,Combined,12-17 Years,1406,2023-11-03
2023-08-12,Combined,18-64 Years,21605,2023-11-03
2023-08-12,Combined,65+ Years,13510,2023-11-03
2023-08-19,COVID-19,All Ages,49326,2023-11-03
2023-08-19,COVID-19,00-01 Years,4431,2023-11-03
2023-08-19,COVID-19,02-04 Years,1027,2023-11-03
2023-08-19,COVID-19,05-11 Years,2391,2023-11-03
2023-08-19,COVID-19,12-17 Years,2325,2023-11-03
2023-08-19,COVID-19,18-64 Years,24296,2023-11-03
2023-08-19,COVID-19,65+ Years,14856,2023-11-03
2023-08-19,Influenza,All Ages,4529,2023-11-03
2023-08-19,Influenza,00-01 Years,342,2023-11-03
2023-08-19,Influenza,02-04 Years,471,2023-11-03
2023-08-19,Influenza,05-11 Years,664,2023-11-03
2023-08-19,Influenza,12-17 Years,297,2023-11-03
2023-08-19,Influenza,18-64 Years,2178,2023-11-03
2023-08-19,Influenza,65+ Years,577,2023-11-03
2023-08-19,RSV,All Ages,1152,2023-11-03
2023-08-19,RSV,00-01 Years,692,2023-11-03
2023-08-19,RSV,02-04 Years,252,2023-11-03
2023-08-19,RSV,05-11 Years,33,2023-11-03
2023-08-19,RSV,12-17 Years,8,2023-11-03
2023-08-19,RSV,18-64 Years,95,2023-11-03
2023-08-19,RSV,65+ Years,72,2023-11-03
2023-08-19,Combined,All Ages,55007,2023-11-03
2023-08-19,Combined,00-01 Years,5465,2023-11-03
2023-08-19,Combined,02-04 Years,1750,2023-11-03
2023-08-19,Combined,05-11 Years,3088,2023-11-03
2023-08-19,Combined,12-17 Years,2630,2023-11-03
2023-08-19,Combined,18-64 Years,26569,2023-11-03
2023-08-19,Combined,65+ Years,15505,2023-11-03
2023-08-26,COVID-19,All Ages,61648,2023-11-03
2023-08-26,COVID-19,00-01 Years,5437,2023-11-03
2023-08-26,COVID-19,02-04 Years,1350,2023-11-03
2023-08-26,COVID-19,05-11 Years,3470,2023-11-03
2023-08-26,COVID-19,12-17 Years,3961,2023-11-03
2023-08-26,COVID-19,18-64 Years,30105,2023-11-03
2023-08-26,COVID-19,65+ Years,17325,2023-11-03
2023-08-26,Influenza,All Ages,5652,2023-11-03
2023-08-26,Influenza,00-01 Years,415,2023-11-03
2023-08-26,Influenza,02-04 Years,581,2023-11-03
2023-08-26,Influenza,05-11 Years,1054,2023-11-03
2023-08-26,Influenza,12-17 Years,427,2023-11-03
2023-08-26,Influenza,18-64 Years,2518,2023-11-03
2023-08-26,Influenza,65+ Years,657,2023-11-03
2023-08-26,RSV,All Ages,1403,2023-11-03
2023-08-26,RSV,00-01 Years,862,2023-11-03
2023-08-26,RSV,02-04 Years,309,2023-11-03
2023-08-26,RSV,05-11 Years,55,2023-11-03
2023-08-26,RSV,12-17 Years,13,2023-11-03
2023-08-26,RSV,18-64 Years,103,2023-11-03
2023-08-26,RSV,65+ Years,61,2023-11-03
2023-08-26,Combined,All Ages,68703,2023-11-03
2023-08-26,Combined,00-01 Years,6714,2023-11-03
2023-08-26,Combined,02-04 Years,2240,2023-11-03
2023-08-26,Combined,05-11 Years,4579,2023-11-03
2023-08-26,Combined,12-17 Years,4401,2023-11-03
2023-08-26,Combined,18-64 Years,32726,2023-11-03
2023-08-26,Combined,65+ Years,18043,2023-11-03
2023-09-02,COVID-19,All Ages,62861,2023-11-03
2023-09-02,COVID-19,00-01 Years,5245,2023-11-03
2023-09-02,COVID-19,02-04 Years,1199,2023-11-03
2023-09-02,COVID-19,05-11 Years,2862,2023-11-03
2023-09-02,COVID-19,12-17 Years,4029,2023-11-03
2023-09-02,COVID-19,18-64 Years,31215,2023-11-03
2023-09-02,COVID-19,65+ Years,18311,2023-11-03
2023-09-02,Influenza,All Ages,6092,2023-11-03
2023-09-02,Influenza,00-01 Years,458,2023-11-03
2023-09-02,Influenza,02-04 Years,591,2023-11-03
2023-09-02,Influenza,05-11 Years,1071,2023-11-03
2023-09-02,Influenza,12-17 Years,523,2023-11-03
2023-09-02,Influenza,18-64 Years,2746,2023-11-03
2023-09-02,Influenza,65+ Years,703,2023-11-03
2023-09-02,RSV,All Ages,1656,2023-11-03
2023-09-02,RSV,00-01 Years,968,2023-11-03
2023-09-02,RSV,02-04 Years,373,2023-11-03
2023-09-02,RSV,05-11 Years,86,2023-11-03
2023-09-02,RSV,12-17 Years,18,2023-11-03
2023-09-02,RSV,18-64 Years,132,2023-11-03
2023-09-02,RSV,65+ Years,79,2023-11-03
2023-09-02,Combined,All Ages,70609,2023-11-03
2023-09-02,Combined,00-01 Years,6671,2023-11-03
2023-09-02,Combined,02-04 Years,2163,2023-11-03
2023-09-02,Combined,05-11 Years,4019,2023-11-03
2023-09-02,Combined,12-17 Years,4570,2023-11-03
2023-09-02,Combined,18-64 Years,34093,2023-11-03
2023-09-02,Combined,65+ Years,19093,2023-11-03
2023-09-09,COVID-19,All Ages,62984,2023-11-03
2023-09-09,COVID-19,00-01 Years,5240,2023-11-03
2023-09-09,COVID-19,02-04 Years,1083,2023-11-03
2023-09-09,COVID-19,05-11 Years,1987,2023-11-03
2023-09-09,COVID-19,12-17 Years,3026,2023-11-03
2023-09-09,COVID-19,18-64 Years,31829,2023-11-03
2023-09-09,COVID-19,65+ Years,19819,2023-11-03
2023-09-09,Influenza,All Ages,6546,2023-11-03
2023-09-09,Influenza,00-01 Years,508,2023-11-03
2023-09-09,Influenza,02-04 Years,657,2023-11-03
2023-09-09,Influenza,05-11 Years,1182,2023-11-03
2023-09-09,Influenza,12-17 Years,533,2023-11-03
2023-09-09,Influenza,18-64 Years,2858,2023-11-03
2023-09-09,Influenza,65+ Years,808,2023-11-03
2023-09-09,RSV,All Ages,2037,2023-11-03
2023-09-09,RSV,00-01 Years,1242,2023-11-03
2023-09-09,RSV,02-04 Years,441,2023-11-03
2023-09-09,RSV,05-11 Years,129,2023-11-03
2023-09-09,RSV,12-17 Years,16,2023-11-03
2023-09-09,RSV,18-64 Years,117,2023-11-03
2023-09-09,RSV,65+ Years,92,2023-11-03
2023-09-09,Combined,All Ages,71567,2023-11-03
2023-09-09,Combined,00-01 Years,6990,2023-11-03
2023-09-09,Combined,02-04 Years,2181,2023-11-03
2023-09-09,Combined,05-11 Years,3298,2023-11-03
2023-09-09,Combined,12-17 Years,3575,2023-11-03
2023-09-09,Combined,18-64 Years,34804,2023-11-03
2023-09-09,Combined,65+ Years,20719,2023-11-03
2023-09-16,COVID-19,All Ages,52752,2023-11-03
2023-09-16,COVID-19,00-01 Years,4184,2023-11-03
2023-09-16,COVID-19,02-04 Years,950,2023-11-03
2023-09-16,COVID-19,05-11 Years,1415,2023-11-03
2023-09-16,COVID-19,12-17 Years,2124,2023-11-03
2023-09-16,COVID-19,18-64 Years,26107,2023-11-03
2023-09-16,COVID-19,65+ Years,17972,2023-11-03
2023-09-16,Influenza,All Ages,6763,2023-11-03
2023-09-16,Influenza,00-01 Years,501,2023-11-03
2023-09-16,Influenza,02-04 Years,671,2023-11-03
2023-09-16,Influenza,05-11 Years,1210,2023-11-03
2023-09-16,Influenza,12-17 Years,585,2023-11-03
2023-09-16,Influenza,18-64 Years,3060,2023-11-03
2023-09-16,Influenza,65+ Years,736,2023-11-03
2023-09-16,RSV,All Ages,2266,2023-11-03
2023-09-16,RSV,00-01 Years,1290,2023-11-03
2023-09-16,RSV,02-04 Years,539,2023-11-03
2023-09-16,RSV,05-11 Years,151,2023-11-03
2023-09-16,RSV,12-17 Years,18,2023-11-03
2023-09-16,RSV,18-64 Years,156,2023-11-03
2023-09-16,RSV,65+ Years,112,2023-11-03
2023-09-16,Combined,All Ages,61781,2023-11-03
2023-09-16,Combined,00-01 Years,5975,2023-11-03
2023-09-16,Combined,02-04 Years,2160,2023-11-03
2023-09-16,Combined,05-11 Years,2776,2023-11-03
2023-09-16,Combined,12-17 Years,2727,2023-11-03
2023-09-16,Combined,18-64 Years,29323,2023-11-03
2023-09-16,Combined,65+ Years,18820,2023-11-03
2023-09-23,COVID-19,All Ages,48264,2023-11-03
2023-09-23,COVID-19,00-01 Years,3574,2023-11-03
2023-09-23,COVID-19,02-04 Years,776,2023-11-03
2023-09-23,COVID-19,05-11 Years,1255,2023-11-03
2023-09-23,COVID-19,12-17 Years,1680,2023-11-03
2023-09-23,COVID-19,18-64 Years,23101,2023-11-03
2023-09-23,COVID-19,65+ Years,17878,2023-11-03
2023-09-23,Influenza,All Ages,7555,2023-11-03
2023-09-23,Influenza,00-01 Years,547,2023-11-03
2023-09-23,Influenza,02-04 Years,752,2023-11-03
2023-09-23,Influenza,05-11 Years,1578,2023-11-03
2023-09-23,Influenza,12-17 Years,713,2023-11-03
2023-09-23,Influenza,18-64 Years,3088,2023-11-03
2023-09-23,Influenza,65+ Years,877,2023-11-03
2023-09-23,RSV,All Ages,3269,2023-11-03
2023-09-23,RSV,00-01 Years,1948,2023-11-03
2023-09-23,RSV,02-04 Years,748,2023-11-03
2023-09-23,RSV,05-11 Years,244,2023-11-03
2023-09-23,RSV,12-17 Years,21,2023-11-03
2023-09-23,RSV,18-64 Years,194,2023-11-03
2023-09-23,RSV,65+ Years,114,2023-11-03
2023-09-23,Combined,All Ages,59088,2023-11-03
2023-09-23,Combined,00-01 Years,6069,2023-11-03
2023-09-23,Combined,02-04 Years,2276,2023-11-03
2023-09-23,Combined,05-11 Years,3077,2023-11-03
2023-09-23,Combined,12-17 Years,2414,2023-11-03
2023-09-23,Combined,18-64 Years,26383,2023-11-03
2023-09-23,Combined,65+ Years,18869,2023-11-03
2023-09-30,COVID-19,All Ages,42867,2023-11-03
2023-09-30,COVID-19,00-01 Years,3138,2023-11-03
2023-09-30,COVID-19,02-04 Years,647,2023-11-03
2023-09-30,COVID-19,05-11 Years,898,2023-11-03
2023-09-30,COVID-19,12-17 Years,1251,2023-11-03
2023-09-30,COVID-19,18-64 Years,20216,2023-11-03
2023-09-30,COVID-19,65+ Years,16717,2023-11-03
2023-09-30,Influenza,All Ages,8490,2023-11-03
2023-09-30,Influenza,00-01 Years,594,2023-11-03
2023-09-30,Influenza,02-04 Years,833,2023-11-03
2023-09-30,Influenza,05-11 Years,1897,2023-11-03
2023-09-30,Influenza,12-17 Years,850,2023-11-03
2023-09-30,Influenza,18-64 Years,3414,2023-11-03
2023-09-30,Influenza,65+ Years,902,2023-11-03
2023-09-30,RSV,All Ages,4296,2023-11-03
2023-09-30,RSV,00-01 Years,2513,2023-11-03
2023-09-30,RSV,02-04 Years,1026,2023-11-03
2023-09-30,RSV,05-11 Years,314,2023-11-03
2023-09-30,RSV,12-17 Years,30,2023-11-03
2023-09-30,RSV,18-64 Years,253,2023-11-03
2023-09-30,RSV,65+ Years,160,2023-11-03
2023-09-30,Combined,All Ages,55653,2023-11-03
2023-09-30,Combined,00-01 Years,6245,2023-11-03
2023-09-30,Combined,02-04 Years,2506,2023-11-03
2023-09-30,Combined,05-11 Years,3109,2023-11-03
2023-09-30,Combined,12-17 Years,2131,2023-11-03
2023-09-30,Combined,18-64 Years,23883,2023-11-03
2023-09-30,Combined,65+ Years,17779,2023-11-03
2023-10-07,COVID-19,All Ages,37161,2023-11-03
2023-10-07,COVID-19,00-01 Years,2699,2023-11-03
2023-10-07,COVID-19,02-04 Years,546,2023-11-03
2023-10-07,COVID-19,05-11 Years,714,2023-11-03
2023-10-07,COVID-19,12-17 Years,913,2023-11-03
2023-10-07,COVID-19,18-64 Years,17002,2023-11-03
2023-10-07,COVID-19,65+ Years,15287,2023-11-03
2023-10-07,Influenza,All Ages,9788,2023-11-03
2023-10-07,Influenza,00-01 Years,637,2023-11-03
2023-10-07,Influenza,02-04 Years,1003,2023-11-03
2023-10-07,Influenza,05-11 Years,2312,2023-11-03
2023-10-07,Influenza,12-17 Years,1052,2023-11-03
2023-10-07,Influenza,18-64 Years,3850,2023-11-03
2023-10-07,Influenza,65+ Years,934,2023-11-03
2023-10-07,RSV,All Ages,5791,2023-11-03
2023-10-07,RSV,00-01 Years,3416,2023-11-03
2023-10-07,RSV,02-04 Years,1365,2023-11-03
2023-10-07,RSV,05-11 Years,413,2023-11-03
2023-10-07,RSV,12-17 Years,40,2023-11-03
2023-10-07,RSV,18-64 Years,336,2023-11-03
2023-10-07,RSV,65+ Years,221,2023-11-03
2023-10-07,Combined,All Ages,52740,2023-11-03
2023-10-07,Combined,00-01 Years,6752,2023-11-03
2023-10-07,Combined,02-04 Years,2914,2023-11-03
2023-10-07,Combined,05-11 Years,3439,2023-11-03
2023-10-07,Combined,12-17 Years,2005,2023-11-03
2023-10-07,Combined,18-64 Years,21188,2023-11-03
2023-10-07,Combined,65+ Years,16442,2023-11-03
2023-10-14,COVID-19,All Ages,33123,2023-11-03
2023-10-14,COVID-19,00-01 Years,2460,2023-11-03
2023-10-14,COVID-19,02-04 Years,505,2023-11-03
2023-10-14,COVID-19,05-11 Years,609,2023-11-03
2023-10-14,COVID-19,12-17 Years,789,2023-11-03
2023-10-14,COVID-19,18-64 Years,15212,2023-11-03
2023-10-14,COVID-19,65+ Years,13548,2023-11-03
2023-10-14,Influenza,All Ages,11444,2023-11-03
2023-10-14,Influenza,00-01 Years,823,2023-11-03
2023-10-14,Influenza,02-04 Years,1250,2023-11-03
2023-10-14,Influenza,05-11 Years,2765,2023-11-03
2023-10-14,Influenza,12-17 Years,1160,2023-11-03
2023-10-14,Influenza,18-64 Years,4408,2023-11-03
2023-10-14,Influenza,65+ Years,1038,2023-11-03
2023-10-14,RSV,All Ages,7265,2023-11-03
2023-10-14,RSV,00-01 Years,4336,2023-11-03
2023-10-14,RSV,02-04 Years,1714,2023-11-03
2023-10-14,RSV,05-11 Years,522,2023-11-03
2023-10-14,RSV,12-17 Years,49,2023-11-03
2023-10-14,RSV,18-64 Years,382,2023-11-03
2023-10-14,RSV,65+ Years,262,2023-11-03
2023-10-14,Combined,All Ages,51832,2023-11-03
2023-10-14,Combined,00-01 Years,7619,2023-11-03
2023-10-14,Combined,02-04 Years,3469,2023-11-03
2023-10-14,Combined,05-11 Years,3896,2023-11-03
2023-10-14,Combined,12-17 Years,1998,2023-11-03
2023-10-14,Combined,18-64 Years,20002,2023-11-03
2023-10-14,Combined,65+ Years,14848,2023-11-03
2023-10-21,COVID-19,All Ages,33170,2023-11-03
2023-10-21,COVID-19,00-01 Years,2598,2023-11-03
2023-10-21,COVID-19,02-04 Years,515,2023-11-03
2023-10-21,COVID-19,05-11 Years,685,2023-11-03
2023-10-21,COVID-19,12-17 Years,760,2023-11-03
2023-10-21,COVID-19,18-64 Years,15198,2023-11-03
2023-10-21,COVID-19,65+ Years,13414,2023-11-03
2023-10-21,Influenza,All Ages,13862,2023-11-03
2023-10-21,Influenza,00-01 Years,927,2023-11-03
2023-10-21,Influenza,02-04 Years,1479,2023-11-03
2023-10-21,Influenza,05-11 Years,3452,2023-11-03
2023-10-21,Influenza,12-17 Years,1523,2023-11-03
2023-10-21,Influenza,18-64 Years,5347,2023-11-03
2023-10-21,Influenza,65+ Years,1134,2023-11-03
2023-10-21,RSV,All Ages,9311,2023-11-03
2023-10-21,RSV,00-01 Years,5651,2023-11-03
2023-10-21,RSV,02-04 Years,2092,2023-11-03
2023-10-21,RSV,05-11 Years,617,2023-11-03
2023-10-21,RSV,12-17 Years,70,2023-11-03
2023-10-21,RSV,18-64 Years,518,2023-11-03
2023-10-21,RSV,65+ Years,363,2023-11-03
2023-10-21,Combined,All Ages,56343,2023-11-03
2023-10-21,Combined,00-01 Years,9176,2023-11-03
2023-10-21,Combined,02-04 Years,4086,2023-11-03
2023-10-21,Combined,05-11 Years,4754,2023-11-03
2023-10-21,Combined,12-17 Years,2353,2023-11-03
2023-10-21,Combined,18-64 Years,21063,2023-11-03
2023-10-21,Combined,65+ Years,14911,2023-11-03
2023-10-28,COVID-19,All Ages,31713,2023-11-03
2023-10-28,COVID-19,00-01 Years,2644,2023-11-03
2023-10-28,COVID-19,02-04 Years,511,2023-11-03
2023-10-28,COVID-19,05-11 Years,713,2023-11-03
2023-10-28,COVID-19,12-17 Years,872,2023-11-03
2023-10-28,COVID-19,18-64 Years,14602,2023-11-03
2023-10-28,COVID-19,65+ Years,12371,2023-11-03
2023-10-28,Influenza,All Ages,15805,2023-11-03
2023-10-28,Influenza,00-01 Years,1092,2023-11-03
2023-10-28,Influenza,02-04 Years,1618,2023-11-03
2023-10-28,Influenza,05-11 Years,3990,2023-11-03
2023-10-28,Influenza,12-17 Years,1764,2023-11-03
2023-10-28,Influenza,18-64 Years,6227,2023-11-03
2023-10-28,Influenza,65+ Years,1114,2023-11-03
2023-10-28,RSV,All Ages,10933,2023-11-03
2023-10-28,RSV,00-01 Years,6725,2023-11-03
2023-10-28,RSV,02-04 Years,2379,2023-11-03
2023-10-28,RSV,05-11 Years,726,2023-11-03
2023-10-28,RSV,12-17 Years,81,2023-11-03
2023-10-28,RSV,18-64 Years,612,2023-11-03
2023-10-28,RSV,65+ Years,410,2023-11-03
2023-10-28,Combined,All Ages,58451,2023-11-03
2023-10-28,Combined,00-01 Years,10461,2023-11-03
2023-10-28,Combined,02-04 Years,4508,2023-11-03
2023-10-28,Combined,05-11 Years,5429,2023-11-03
2023-10-28,Combined,12-17 Years,2717,2023-11-03
2023-10-28,Combined,18-64 Years,21441,2023-11-03
2023-10-28,Combined,65+ Years,13895,2023-11-03
